"RMSE_k_fold","Rsquare_k_fold","MAE_k_fold","index"
6770.30775894064,0.451835866321759,6201.50865927108,1
6770.30775894064,0.451835866321759,6201.50865927108,2
4804.58377005119,0.429397923864079,4226.48697715023,3
51475.6028703027,0.564683860412547,43211.9194580011,4
5589.33244744969,0.420792230478843,4767.20291683886,5
5080.21860320025,0.468494466828073,4394.13763633306,6
4138.03188464348,0.447374028731726,3523.5089937668,7
4663.64268544849,0.564945801358628,4145.90897227735,8
4974.03342087895,0.514402913967215,4403.89016906425,9
8824.96404144591,0.493909521562171,7938.1238747262,10
18076.3388652605,0.472295671100193,14912.1920197572,11
6934.74947262276,0.56121027901778,5773.68602251532,12
26727.0780776331,0.510003027218612,24042.3820410076,13
5229.86867146745,0.568651887849707,4461.95907234386,14
8224.85766163239,0.567265442100285,7397.58489400332,15
15810.7344725287,0.40904274012326,12837.4679719072,16
12748.7906780182,0.543654587370167,11690.8602144771,17
13158.6986030973,0.587752156791975,11163.2405079727,18
6770.30775894064,0.451835866321759,6201.50865927108,19
4836.77404976943,0.475198339303544,3987.15947533622,20
4965.93569850641,0.510706234729275,4147.74689522305,21
4596.20921970318,0.559758674172134,4024.31156906362,22
4530.40447625173,0.550374702356159,3917.59381333812,23
5220.11899981447,0.520643595658923,4215.90073771429,24
5676.20920872042,0.533326709761208,4766.20591565256,25
5178.62684306312,0.489461050816584,4246.70648787628,26
4565.92368438405,0.554453856079585,3706.01112228343,27
6768.30778451895,0.524593368462226,5457.26294915502,28
8695.64397306909,0.480945908861651,7371.92262898995,29
4462.92016172768,0.527668248261874,3971.24483633639,30
4833.57164873225,0.510631369534156,4141.87649235307,31
15810.7344725287,0.40904274012326,12837.4679719072,32
8895.05032232407,0.479002445455272,7356.37414772303,33
3964.38666836082,0.517943856171592,3351.35706480142,34
12748.7906780182,0.543654587370167,11690.8602144771,35
6726.49736800079,0.566628015017204,5610.19473682374,36
13158.6986030973,0.587752156791975,11163.2405079727,37
7462.23287123556,0.514797501956196,6712.78105884347,38
4804.58377005119,0.429397923864079,4226.48697715023,39
3788.20599951118,0.591445199082424,3369.71797276702,40
8616.88642279036,0.519835562142337,7185.54160994523,41
7337.92490674435,0.487830715297079,6456.57615712336,42
3688.58835224282,0.4478692506354,2980.8405644807,43
4228.468840002,0.562884744380696,3738.5470459123,44
10038.2435399735,0.55483500029686,8652.03341079378,45
8224.85766163239,0.567265442100285,7397.58489400332,46
134532.008555488,0.525823679953225,112678.030794141,47
8682.84671034531,0.569253388645455,7074.91632773002,48
19945.431104341,0.584191692212056,18321.4398138295,49
4361.05480792689,0.579874576883749,3682.13873400136,50
19184.752459927,0.451179080744626,15868.6519536202,51
20910.1439234525,0.48941019791943,18768.4999509526,52
26052.3956639789,0.503602559318383,24214.5408458085,53
5363.91075225095,0.432418887875401,4730.27959693785,54
4032.52247052549,0.549206240367707,3516.48717792543,55
4925.26495072734,0.49952028542799,4211.37581359323,56
20596.4453749577,0.451344118977912,17050.7163387893,57
10701.221878455,0.433952993375368,8768.4686800908,58
4340.01312786511,0.505010571692143,3746.07946515055,59
4596.7166481709,0.424644206447564,4117.2927773299,60
5198.57100499768,0.481685444355499,4531.66316616719,61
9862.86283163325,0.436022162097385,8767.58017110525,62
24404.8528524479,0.494416446483496,21127.7364164702,63
5589.33244744969,0.420792230478843,4767.20291683886,64
12289.6382399862,0.412770565001222,9869.68912737305,65
5618.83831329277,0.523477230660183,4586.87230480631,66
5194.19297908407,0.518262543068269,4457.86211550391,67
4960.95628227526,0.542790064869207,4396.31339802473,68
18366.1549160414,0.32829006162964,15347.9346083984,69
5660.2966703206,0.418207990293965,4897.08947756521,70
5354.65409487243,0.517306131356316,4514.70450187729,71
8419.91370257505,0.594454361045757,6910.51566404448,72
142405.844389902,0.494850462010386,112972.517394529,73
4974.03342087895,0.514402913967215,4403.89016906425,74
5229.86867146745,0.568651887849707,4461.95907234386,75
13946.2970164765,0.455154170539655,11601.5920265736,76
26266.9455480027,0.464569734997948,24432.7405180539,77
5979.63065039063,0.581700176617552,5239.29656496926,78
6886.61947094546,0.584357420663746,5402.77617642509,79
5693.19169763661,0.432512662921734,4739.4905250247,80
5080.21860320025,0.468494466828073,4394.13763633306,81
6770.30775894064,0.451835866321759,6201.50865927108,82
6934.74947262276,0.56121027901778,5773.68602251532,83
4653.41234244583,0.454166488434484,3813.60923157351,84
3929.24517756763,0.553602932258329,3396.15514628954,85
51475.6028703027,0.564683860412547,43211.9194580011,86
8445.01879870269,0.519543195677934,7293.47610254737,87
4751.58089243827,0.522743079521353,3933.25258707926,88
5644.49661370824,0.514961310433046,5047.31976503007,89
9957.39476082369,0.52595206033473,8783.80542687332,90
4514.01008178851,0.476254307718812,4079.17181983054,91
8824.96404144591,0.493909521562171,7938.1238747262,92
6955.70446525304,0.531370024115467,6339.32332192685,93
26727.0780776331,0.510003027218612,24042.3820410076,94
8460.88234189989,0.514074553822755,7690.01010883547,95
7385.2045983195,0.545479494872375,6418.48371335454,96
4266.62884248661,0.442645229403767,3781.05787185032,97
72468.8011497258,0.441182843470716,67754.8160481734,98
4467.47827689188,0.54924459850529,4038.22699424731,99
14753.4956537754,0.44171954487752,11838.932212294,100
92760.493911843,0.493340548334831,72670.8571741859,101
5463.74181871789,0.481236411028541,4671.18776231493,102
11182.3163637171,0.427117613503344,9776.01080257771,103
14023.4947399362,0.515525510041854,12072.3614015706,104
8896.51812702315,0.559526980364826,7248.75811103941,105
11371.5043987466,0.550273033278897,10486.0905666622,106
5961.61162986598,0.532594587121304,5379.28276346714,107
19251.5819373448,0.550205426915263,16567.6594111635,108
10003.6010730736,0.485111073725973,8500.18402205927,109
4663.64268544849,0.564945801358628,4145.90897227735,110
6312.75686147926,0.49878510904955,5711.52835613524,111
49059.2348440329,0.551478764767508,41064.2447610066,112
7401.06193131032,0.594587678119241,6104.16055071914,113
4726.87390471864,0.475047489563555,4013.949840332,114
15721.3331902386,0.451463882129811,12686.7429451978,115
5211.87367220006,0.528754560422185,4637.19235503145,116
12240.5200572941,0.548979318395424,11175.5529613836,117
8555.45104820283,0.530603186486454,7524.75335023117,118
10589.9254363457,0.526832416256362,9540.33444514299,119
14671.281988232,0.480922633498344,12387.2958267627,120
5259.48749215513,0.534461719193296,4566.95577800699,121
9429.84839542075,0.50889588801671,8131.6154831049,122
13062.8621960136,0.546092700070559,10806.5532822175,123
9260.50297450106,0.514134325671997,8101.16119999617,124
4597.91728741229,0.519266600056651,3910.2882055806,125
7944.05746430713,0.501990805586606,6729.74875589919,126
19590.1853880603,0.597131810445221,17642.6337499245,127
25118.8820858334,0.493523805969199,21236.4660885474,128
9820.54653586514,0.486536089017302,8899.78373052265,129
7273.95347541884,0.509507707305216,6261.0663667293,130
14693.8735430747,0.5316880291987,13509.2380612236,131
4709.79468153544,0.543118910125986,3796.79090566794,132
7202.67393087484,0.523788056307855,6192.72036450228,133
18876.1065016041,0.540573831447786,17495.3447428853,134
28849.2014165792,0.462510209499986,22997.4295886055,135
35401.2126995339,0.517507485823998,32278.6957956019,136
5503.11410175456,0.584249110994497,4607.07948529491,137
31431.5944976411,0.346381927442366,27369.1182229861,138
27270.3475481909,0.377082944872617,23980.1644813982,139
5998.53279956033,0.521245338363987,4935.66421053023,140
15203.3167337111,0.36304484609247,13090.0641718117,141
22030.7282334718,0.40735806713343,18847.0192592073,142
5145.89284782839,0.530037472965131,4540.29019517745,143
9642.24468528537,0.496924067654762,8883.45133767998,144
35610.2274454997,0.431762489116337,31415.9185973552,145
5613.53197838471,0.376147983036111,4924.87297201836,146
17277.1561053484,0.486555405759468,15895.8458452916,147
7869.26369096901,0.374431584910592,6958.04397864717,148
6962.54761410714,0.453260663589783,5787.75992628294,149
18076.3388652605,0.472295671100193,14912.1920197572,150
20278.4893299134,0.39860100656246,17399.8417209371,151
17423.7988841895,0.467685650778319,14653.5293672055,152
6546.20095841899,0.474930455184332,5538.29449568298,153
5061.6521042405,0.49672839710943,4224.61770637544,154
16477.483886819,0.457979844179116,13739.167772389,155
19446.8847771241,0.503128818972171,16751.2033892057,156
25871.4799135423,0.464181168910491,21199.1113999251,157
45870.337876087,0.433771124946722,42222.3120617758,158
6050.20043358311,0.544108514738979,4841.57581250565,159
32709.1749921786,0.379688602629299,29418.4760379573,160
19465.2150861771,0.477575971729841,16298.3366841448,161
8177.88529128702,0.52781060560123,6971.38612969839,162
22984.367759364,0.442721031341099,19174.2201979294,163
20154.8083154942,0.478640954752315,17248.9119034183,164
18357.575784087,0.372795046760615,15503.5135993257,165
21945.8729228122,0.345156649246193,18820.7466854814,166
4138.03188464348,0.447374028731726,3523.5089937668,167
31600.2366989751,0.434896731419422,27569.3011595504,168
6347.04963512502,0.45005840817574,5480.44756510268,169
5887.90063692007,0.473804824848597,5065.20405761223,170
17193.5168683787,0.426593798676726,14258.4583134775,171
26227.0905158548,0.472990599117993,20565.1468204307,172
319.414081746133,0.978348866343108,246.095871987207,173
323.989534866705,0.981794697341773,258.906696565403,174
316.449262358028,0.985264124298186,254.665608179879,175
332.740050721243,0.976816364926459,255.323804653146,176
341.369258042868,0.980434889404196,270.058125028545,177
415.166304991388,0.948443905281965,341.431210342778,178
351.701288330083,0.977638323342323,271.423413786585,179
346.139769332458,0.97954623838134,273.169141184433,180
400.442679367558,0.955342581955341,325.1925106173,181
291.759862479556,0.981128277397914,223.874887384832,182
314.525281370239,0.981628973407698,247.179954063538,183
377.5165165537,0.965534664026583,286.639090533012,184
336.128719707117,0.979277644031407,281.197285800054,185
314.594453669353,0.983127173237357,240.397834534829,186
339.491402684151,0.978673741670345,271.371468047701,187
363.399504348376,0.973479256125522,283.599190145941,188
367.403896931221,0.965096405280372,305.148468862237,189
333.819103938671,0.975440694082335,258.375697584684,190
332.571505394329,0.982286535539948,259.885220698311,191
362.606633920856,0.973957868997147,286.537406769201,192
362.088882859468,0.967164348430425,285.705382075307,193
359.403891342832,0.979313725097565,287.30323404499,194
343.231323701492,0.977503306332603,272.734976053407,195
323.514156016553,0.97879354172947,249.026134845396,196
332.892279894427,0.976423447652333,262.381637108251,197
349.126488632904,0.973240175134552,268.805160715653,198
345.364598438296,0.977153157909088,273.483550694289,199
334.144086057084,0.976517510566405,260.126781043942,200
331.219687764688,0.972560412968413,255.209556845054,201
430.356676624317,0.955037666638311,338.726582331333,202
356.644796657429,0.971394064081559,264.759797219913,203
509.605101019697,0.947735645084412,403.629578099393,204
356.561553383476,0.970238682152331,286.601645369766,205
365.960131671677,0.976592042179644,286.094563301639,206
308.628243816309,0.978500042652621,230.456664163153,207
311.620343544448,0.978567885064377,239.662160453916,208
353.540535299112,0.972977299334384,294.880036027223,209
314.683055650271,0.983713081590735,248.534730297602,210
292.287356051002,0.983655483879916,223.184818689897,211
345.86754880851,0.977543285460705,261.522135429912,212
358.133728184393,0.970047466151159,277.588267928925,213
359.417833943154,0.959918438393456,281.968955138269,214
444.619675497298,0.961079670697856,348.729217938189,215
330.958845414682,0.975171915877369,273.230462707437,216
452.38333147505,0.965814416277891,347.121001108359,217
306.44035941832,0.982344010619296,252.550495546649,218
364.256243107955,0.965128689767613,281.902216097159,219
379.573867819838,0.96213943996394,302.941679437007,220
350.424360001091,0.973097392109742,266.272460826815,221
335.428701707958,0.982453001828679,273.302767155488,222
341.901570160192,0.97820190794732,277.832754173131,223
318.612971725959,0.977341467499904,240.890307679991,224
301.496396273663,0.984046894178107,252.772657234573,225
381.202317958467,0.966581911383941,304.288415222348,226
335.096913605662,0.977181365593825,269.500812519763,227
347.759961963374,0.983441915644883,279.489477319037,228
346.255548367615,0.972661912341813,276.931448015374,229
366.430069955772,0.97909859227739,278.867464435225,230
371.805377077407,0.971935609988537,289.972531378466,231
347.537128588263,0.973113923078024,271.89062530392,232
417.526845543957,0.956171586581866,337.014043652831,233
353.258368233023,0.969729194484342,269.643189088852,234
325.572159501614,0.977573695346194,246.782655994884,235
321.114453001896,0.981615513233186,241.384810747367,236
387.666593950963,0.948064407535429,300.077145699505,237
496.696422293125,0.929800887261967,384.633220535265,238
436.236326715036,0.955980241567217,339.072575188713,239
367.710905322494,0.968620430824437,280.205778958163,240
353.084569486531,0.972958359066,280.866496977128,241
340.863726050097,0.966000239996274,259.255705627429,242
314.471861793633,0.983325486447865,238.075246568678,243
340.673320260475,0.972111209291598,272.265253173665,244
363.398838385035,0.976354480410813,290.666854344879,245
316.665305005924,0.978664918882522,241.267215918728,246
314.3996516833,0.978668655282852,246.649836531829,247
312.208678796109,0.977197894962803,248.483440417151,248
325.48051998989,0.973329818277864,265.771072770072,249
306.812201553718,0.978074384484642,230.806569134715,250
403.682898437543,0.956563402015805,324.476444442549,251
399.905221784547,0.963098356506058,315.897986251777,252
346.468780222446,0.976880322214877,263.176924731709,253
388.368560911644,0.969459897767495,297.620760225069,254
381.028437070192,0.960976743300743,290.644042601845,255
379.430858643215,0.962113678040825,290.247648029689,256
323.924577520987,0.973672403639738,260.131983331303,257
339.461517279995,0.975691795511502,261.956061095499,258
495.238102700831,0.929320136133104,385.36971667121,259
346.939549168812,0.969507306240287,275.528745815932,260
346.679193682166,0.969758419552765,276.486624056719,261
421.892125653616,0.955732956701804,345.877045382214,262
323.941843603721,0.981913456380027,248.611321085435,263
307.188012102027,0.976288245398707,241.973141683305,264
394.055100057843,0.970292312892274,309.652855876232,265
321.137911335964,0.966789159660798,254.681715577401,266
429.287195937156,0.935767685275137,345.373285899854,267
426.606939286269,0.937283930229562,340.535081165844,268
372.777027612898,0.974692575530801,283.985829341357,269
353.898603648791,0.980034396571093,272.000618172489,270
371.615539270093,0.972115080295331,295.226211910671,271
361.703783258731,0.975136577566969,283.750001162145,272
340.152933631016,0.978063941035891,270.529928185578,273
345.081030305392,0.963270646143151,282.950443792696,274
344.701056148243,0.972902510498878,272.611867662664,275
438.973292683352,0.956585447993144,347.154739913598,276
465.950335017858,0.950364245874053,365.608306632353,277
414.089170674283,0.959160734192776,324.316082463455,278
376.862036762385,0.97067379300735,298.966701078993,279
345.401082924753,0.977132620683563,267.090356355306,280
517.536766851491,0.9156538091369,422.325373228362,281
324.193468679301,0.97124079790675,258.167297898668,282
406.695762868113,0.962410342018785,333.581852891616,283
337.976163653205,0.966394526538054,270.547421725094,284
509.011647193232,0.918542956682393,416.166328610645,285
432.150136358534,0.943306849576472,329.63512159708,286
369.404110404065,0.969122290325703,310.783850286606,287
333.266635849977,0.976961710714733,252.512737435365,288
378.295794206461,0.96067650608163,281.498708585848,289
414.589363709897,0.94732249378571,327.629967379422,290
394.122508053154,0.968437223545903,315.331656670963,291
434.629153455869,0.954588540882819,335.9042104329,292
385.227400656784,0.966058743765538,292.888612493459,293
413.300181442674,0.958761720671347,340.771273260638,294
431.576852107889,0.963434851188974,341.86401121874,295
401.482972859345,0.962083613646464,303.738417325597,296
381.02712372278,0.955539645569097,326.827257479615,297
363.819193433327,0.979682066736545,277.870898446391,298
324.034654298158,0.968336071626957,255.668300353599,299
494.797753157339,0.925078518177916,388.377939280769,300
440.875313221798,0.951137954601825,339.971962187797,301
341.134918173644,0.976354952979524,278.88866311943,302
367.459405112417,0.971866875383094,280.374858950798,303
378.520598824305,0.970864520886752,299.482833188911,304
421.32800501999,0.957027638029222,350.509882354972,305
371.828391394504,0.967998300239045,313.186892718219,306
388.074107684405,0.970465703316477,310.452412010332,307
352.587853100915,0.973703684466952,283.986311519997,308
385.505983190665,0.974584927349425,307.499113835756,309
364.139877240498,0.954331426272041,296.837249574002,310
348.403425261466,0.973189764804617,262.879314042714,311
364.920910714332,0.97047720825503,279.178284159252,312
468.403841580774,0.968010342709597,365.150920474132,313
342.496281767646,0.974176719219818,264.943533138884,314
330.613929013035,0.977133219919607,264.571470183151,315
402.866485243346,0.961811367724669,333.617887834156,316
393.753035162317,0.954941506020987,329.393336747548,317
411.864561743772,0.963134762459167,319.816522618591,318
550.923305620839,0.924975506257677,468.369772993634,319
352.135939772297,0.975184958363921,282.643438316146,320
394.308906161991,0.964248573485781,304.327975718601,321
376.827727891418,0.967882014348873,319.500151847833,322
378.626645159687,0.974924595091985,301.990653848242,323
478.316470882539,0.962076053035031,379.449095666528,324
329.761416846038,0.980287809023939,262.977618375965,325
362.832754268562,0.959708268049005,296.163022604041,326
418.92424296492,0.947723603963782,320.353963050792,327
320.218674576027,0.981407331990854,240.530964404761,328
357.009243084148,0.962606993815502,288.677189176022,329
357.340813644282,0.972282450047923,299.394025842436,330
416.105721289978,0.963118364571126,325.988359713878,331
338.138024002321,0.975919751055674,272.249855112074,332
371.180517668358,0.975486338166318,299.36879680606,333
376.292462268486,0.967679707385409,292.441359458655,334
337.883829861179,0.97720310115856,261.284880405795,335
347.038635802236,0.976435971250476,276.618570006243,336
356.790890080217,0.973507625507736,284.886087326088,337
405.000795462803,0.960702242487217,321.857227488644,338
497.39331795189,0.939996339309118,382.085983505122,339
338.357375417504,0.974640312991963,260.377206191673,340
417.698021376987,0.959845401278716,343.762333714418,341
328.789385830754,0.966851454392026,259.419412628693,342
360.917534269723,0.97710074746145,294.066686897325,343
565.688077625941,0.917311092601005,476.809716125867,344
330.796984842876,0.982007677922244,262.754911131542,345
357.766055445607,0.971896816634435,269.396093563769,346
361.884840258553,0.973023814018394,280.399926803194,347
329.696799391177,0.980622121350683,250.909796255514,348
362.935347216448,0.97614426428912,297.829938244032,349
330.747855385876,0.972228179841173,269.023398852998,350
348.560363116487,0.968487988832059,282.56989762864,351
358.25400516105,0.974412779563671,277.402125904974,352
422.340180628041,0.955005223341693,351.749117879615,353
358.959952583607,0.973196386259976,285.42688939001,354
354.20836417826,0.969780747762814,276.200558598456,355
332.002580876019,0.982853846514022,255.918801622841,356
446.016009361351,0.939969823583178,342.893406416947,357
329.148742001945,0.981847572502087,257.475607153137,358
410.435081857817,0.95351210694133,310.275534095725,359
461.929436805628,0.933833123082344,359.003283821224,360
362.616257482017,0.958822747524207,290.679653978309,361
359.983440453034,0.961543963252009,291.689693173606,362
351.465853887741,0.972307935609419,282.588558618672,363
458.654198962191,0.95170314789368,375.491270808031,364
391.086374859811,0.961557427899035,302.835162954687,365
377.130025129405,0.976274129031807,315.1322555803,366
359.393733990091,0.972209029891225,291.031039844338,367
541.574706998442,0.900683299975166,423.472981928446,368
367.976781642359,0.965583238812793,282.175703095413,369
376.112530861009,0.964584909676785,295.487697992387,370
326.582574608801,0.979889806961469,254.406660179536,371
372.263257398298,0.971181064173181,311.840393436003,372
336.563806914223,0.9821812967852,265.713483666922,373
382.29346766876,0.96173207869457,314.824665418567,374
356.197940733211,0.963659608623814,286.310258750381,375
363.786397523073,0.968380501756159,280.683485310971,376
341.57070787968,0.9772205435228,264.417665833958,377
334.184622006409,0.981277025320783,268.882568928024,378
368.010990549527,0.978716105020044,289.040001153908,379
480.980628727651,0.923551992583822,392.941486787899,380
378.670960017991,0.973400644796446,302.362139767694,381
486.792279387728,0.941295330202215,392.94983512467,382
355.042708024664,0.977610003086171,278.103206693307,383
396.154494088279,0.942828850825936,317.097820648573,384
354.395902770277,0.969580906277187,273.416324132672,385
337.025911639915,0.970846394534698,287.986971713986,386
417.713331452617,0.959847651315748,349.319432420662,387
424.592663632524,0.957357722536443,357.485527412444,388
391.421930314425,0.945929600155368,313.745018651817,389
362.704254409202,0.948345954762316,295.23842474981,390
360.26411970529,0.974982174354121,281.272824782447,391
395.495452351608,0.966470653611437,315.3179943867,392
308.133992086819,0.981303819480655,236.459538377734,393
354.54912830285,0.971451379423919,281.39605172275,394
390.488676262131,0.957176574362464,299.7679815514,395
380.201873101473,0.961837926743189,302.988879400958,396
374.366819717447,0.948204492285008,315.9429648053,397
345.243034750758,0.968262852415693,277.608677043926,398
375.60457265816,0.956031869012851,285.206907975855,399
421.450647766062,0.956864232422499,336.000787158187,400
318.994439472555,0.978870905914433,243.547207935109,401
386.080715817063,0.972999204824655,292.748330760541,402
341.766232892006,0.967398035879074,276.710693195038,403
464.44688225311,0.945275919079544,373.397173288295,404
382.317744152644,0.940242945718322,324.962337898588,405
336.832016244405,0.976930207891073,257.013299661311,406
377.664948336731,0.970330792455292,302.523523439946,407
465.952247103901,0.949051182768174,378.70544231173,408
356.781143190653,0.968097428738945,286.446824891485,409
389.458889683207,0.95860712448667,298.121256086359,410
385.876197150908,0.968103905072921,311.057415328293,411
401.366926389174,0.963401460724455,311.975505606077,412
439.431734160199,0.964867783367796,341.965064253121,413
392.503365684279,0.96787165824138,312.701697677453,414
346.121670454154,0.970160031467836,272.460541530739,415
424.892674835062,0.95851842553441,356.64527898328,416
447.407873927979,0.964498554851726,341.546848024011,417
344.669505511809,0.965849483512069,277.779854397423,418
398.508503120087,0.941408050620521,334.310116376201,419
599.764804404097,0.923272759744709,444.820159548842,420
338.995629625093,0.971236982250951,263.543621763318,421
362.152012756123,0.961869123743672,270.122483708405,422
344.838689143005,0.970231273963358,268.977084714132,423
359.436252579808,0.970638608055424,288.175130663097,424
409.560070208097,0.950074553293677,336.504569260773,425
384.629005952725,0.95491989166346,292.340346360106,426
307.208939783918,0.979065680063773,231.763344130462,427
382.058272365652,0.963404457151552,303.722312176348,428
349.605571656437,0.961694409305857,286.895333711295,429
364.500673919066,0.970823721042822,293.579498926515,430
367.433078973057,0.966869157606818,297.382593362446,431
494.247146728366,0.916830629227412,394.363605593146,432
334.561174408503,0.973813215183434,251.144414200479,433
360.284856513714,0.980046560882252,293.179867215337,434
348.849849452507,0.971144124917481,267.70252836008,435
344.015813546483,0.973402693349184,269.057559889329,436
353.509968535813,0.976738268034022,284.78076169326,437
344.884795103724,0.972417025523401,263.063147105453,438
390.530822661621,0.95526663279549,315.253308614062,439
408.03941210633,0.954277212188821,335.097140057063,440
398.827993434886,0.950236242693695,327.471052137177,441
364.100476261878,0.961733648707726,278.107321646856,442
495.16212085585,0.943426399958453,403.405018941717,443
523.516623171221,0.912732089554141,415.400905023754,444
358.873165595896,0.959742037281785,271.583291043643,445
408.03115537273,0.933693961668979,334.537363660185,446
354.09758469481,0.966843747856391,285.281349529973,447
534.787732639341,0.933872604577905,409.38272233399,448
313.609392070303,0.981734064865645,242.400540826951,449
348.515812773769,0.973591264683136,263.547733415061,450
511.030361431535,0.937100271902804,422.902913250585,451
421.175539657281,0.935045878610068,328.184550228893,452
410.868178809041,0.963234000785078,326.001989078778,453
340.832776792839,0.974112522579406,270.171846922643,454
359.566075373909,0.974142638897143,293.139871733508,455
570.560663076604,0.928137015315525,430.628950097846,456
350.700443794984,0.969096238651957,275.665627168567,457
327.224953714604,0.975543015278593,254.77743166303,458
718.109352300123,0.811553042016239,548.514958141944,459
313.78004352016,0.979867998927676,242.907052245116,460
367.768025397361,0.968463579238345,289.734528863691,461
441.973571853162,0.959398418366798,344.617219526635,462
326.287423935103,0.975837426025298,249.88260615754,463
523.414725309734,0.935268716677193,400.139572436599,464
335.662815417424,0.974167059422992,255.872707372002,465
413.44760738111,0.9441137494629,318.793402592306,466
405.57365585367,0.959448688152082,328.233689947718,467
335.17707219886,0.974217936444735,265.914984452572,468
398.118659881406,0.947072882705051,327.386714208043,469
326.155649894413,0.97879797565241,262.313859787844,470
336.312024367263,0.98550873260426,267.132911021523,471
343.921477126363,0.966079934574559,291.165643584178,472
403.557388574898,0.960936207887257,321.40842693112,473
358.116308194218,0.965404484471151,286.350482266066,474
410.992671073955,0.94580275786506,355.195465796292,475
335.083387102979,0.973331912584629,263.783569327815,476
490.118615011567,0.95394731636514,397.555384081447,477
356.341478503369,0.966745485021757,294.243082834407,478
323.981466080163,0.975980808911383,246.450692585972,479
587.611181158268,0.892947298196923,447.001042975777,480
333.995825077536,0.975523403516725,267.887058695555,481
438.716887099859,0.929414003295291,355.470254991026,482
405.943889340499,0.976430810777637,319.372872771442,483
390.094614393765,0.954248482952613,313.757455790442,484
494.833246802319,0.933670265496172,385.041485082897,485
383.838327315174,0.971845752440188,305.446508661331,486
348.835017985552,0.9666654033268,288.650888508394,487
420.368244090494,0.935541033883186,361.530787413291,488
393.349364871819,0.964556299171831,312.073521209842,489
367.901978970615,0.969341899309363,286.921892857022,490
505.637321620883,0.931556558603176,398.557826721777,491
486.006336064231,0.920787593214571,387.949047721113,492
426.97791267873,0.948618566390404,347.245542303814,493
473.693989138999,0.926458476029297,386.478112617225,494
319.995862607742,0.9761340066713,246.406037498249,495
490.540672320465,0.948447603129697,391.869724419506,496
394.889050916866,0.963487793705101,300.830658254323,497
394.659802015015,0.97157839499161,310.404534869362,498
402.22783622506,0.966380358099521,322.787783219473,499
392.351656679227,0.962230268399459,316.112085453056,500
726.459822404145,0.805906484706398,564.886194329109,501
371.887575513801,0.960482041782168,293.132928825697,502
350.153015055237,0.968066280727345,283.195981106476,503
406.927022453572,0.943649881539012,346.439565304076,504
409.451264040936,0.953538978234984,333.95022418187,505
482.142477495463,0.959955643048003,369.893765357788,506
358.225675408125,0.974147669737783,276.177408621522,507
419.443375465165,0.942850186597196,355.113961093051,508
431.604661438928,0.932876083651953,364.168574698495,509
378.134735593444,0.968495442880039,291.253816661967,510
376.397659343456,0.962254087061302,308.879923245955,511
365.380701961062,0.972020223592417,282.94498046239,512
429.20167535462,0.931433142529615,335.487492517063,513
367.985984179374,0.96807283467007,293.13458483745,514
357.975725265791,0.968109213963194,295.428616794738,515
339.881610298939,0.971198862974556,274.128142653128,516
374.494770543049,0.964365366903324,289.486544360189,517
352.500424539998,0.973278529053837,273.166587527307,518
363.821705128221,0.978203125121253,293.9868079783,519
365.984793263296,0.969580876361856,287.653142475946,520
416.966641307161,0.957617167487225,334.077986773848,521
493.372335928507,0.929846244658289,382.581112365834,522
363.330719049373,0.968847673551575,289.244723236959,523
394.567406974991,0.939363748363761,322.529267028919,524
367.521118948038,0.969507610285775,281.224786193298,525
558.830210789253,0.876423541292822,428.279097050171,526
361.050788762349,0.972172536228819,284.329589331535,527
432.516590733816,0.937932979078887,364.2264197123,528
359.943515606246,0.97167424850167,279.375210892789,529
345.001790477447,0.97206558324787,282.570106687454,530
434.715095169046,0.946837251506194,357.025006507219,531
509.584047233332,0.913195223602013,397.614589793933,532
422.037514408445,0.968179497586065,324.535151592756,533
390.501584420003,0.965497736089173,312.291272304375,534
417.673143069886,0.935298020653906,338.358736791053,535
337.385153484799,0.970809481988475,261.766321118607,536
330.08066979818,0.974503752682978,249.314855001411,537
338.749202762684,0.974930415799521,263.448055127574,538
354.517186022267,0.96942134186929,285.940848882919,539
341.712101032788,0.973108269269627,269.389387831223,540
473.630386916273,0.943313291570376,356.790230384063,541
417.649039599216,0.959605275771222,324.418781178696,542
368.753868117202,0.953069528799397,304.688173649787,543
381.300165069069,0.975818121507317,304.355130857926,544
809.612287774982,0.783315029851907,629.603768800588,545
379.067192739404,0.958507466821697,284.441359945413,546
347.053443644742,0.965571423913834,269.187285578874,547
451.086595970955,0.952961392240986,362.306063810276,548
354.945273792738,0.966862314349224,287.517575456057,549
362.891922920323,0.95095963429799,319.596563533534,550
492.226889358705,0.935497103853857,366.936787233537,551
322.058890764078,0.975354124520105,248.376919982173,552
428.166134504651,0.942667312162502,359.704246010088,553
365.173126075549,0.962389577351825,292.410896433717,554
388.702411257345,0.969629925119025,303.011939876562,555
409.156656606939,0.947105149402152,317.904698822888,556
426.8404768998,0.942141015387936,360.447561844525,557
519.288183221108,0.924185870414964,403.075943366775,558
783.459450952191,0.791108510403897,603.873994328623,559
413.907216263408,0.935404394686018,347.631501932014,560
431.319881075426,0.937127655672737,369.170973633273,561
394.516291703719,0.946561037064338,309.133752709291,562
341.429151983511,0.96878902396676,273.276819508296,563
356.460091209792,0.965778969712541,299.811231684936,564
373.992099670602,0.964225467582103,286.638169034197,565
340.069707151792,0.968771834763389,266.920470201303,566
508.789684249455,0.927904153147624,393.624948378737,567
384.760134238779,0.959336851152563,297.374531948643,568
503.120632341371,0.916798579883905,403.13211085405,569
373.849650988929,0.949526029248932,306.130172060201,570
526.940080727385,0.928853425508744,419.864242331517,571
330.459699588584,0.972621229512416,255.877197743881,572
341.801452887369,0.967927098301349,277.644561908166,573
349.448446603404,0.975006917427749,268.712195320633,574
498.985728956893,0.936080038209414,385.520685614121,575
544.117228344205,0.922465123993298,418.350761711838,576
500.535441727035,0.909978652084239,393.023047659113,577
376.272647510418,0.950705647198491,306.690432724652,578
480.649140009399,0.947910974101048,385.617591534127,579
340.411376089287,0.968035145418872,266.642449969124,580
370.928242926224,0.949749058010924,282.28329467614,581
406.990822078266,0.936037667551705,310.879673621158,582
360.782295804276,0.967497622326664,282.132314255599,583
364.39460367853,0.954250028540728,297.58548233759,584
353.936472798923,0.97160726310543,280.797403056856,585
347.551547617668,0.969329961024261,278.601417959823,586
367.783714801477,0.969670299733776,292.800862311547,587
549.37357948282,0.924160764155901,412.285021137004,588
341.819895702569,0.970331806309509,272.558520111764,589
347.424735675769,0.966789421316915,278.045229799765,590
360.729100501347,0.97255164577304,279.462672932607,591
364.589567202986,0.955613322037839,290.041072284418,592
354.066492313044,0.959740476565325,277.457345133429,593
345.727193953639,0.973296852998649,276.542657096985,594
524.573743588118,0.925632438236913,414.218417355497,595
489.012667012362,0.916774047838629,396.868979153513,596
365.822798686224,0.966042667667442,287.441777419967,597
394.417939353028,0.95781177472691,313.348399267189,598
481.177127185253,0.934761862243517,370.410720220792,599
482.897595792892,0.947511399332641,385.816931276836,600
463.054194255165,0.944222906118641,379.60537383176,601
355.995757291049,0.972433672331097,276.042818322034,602
452.360449760207,0.965792292155988,361.837372231917,603
364.332226076414,0.948360627712575,300.297154307467,604
566.604141285453,0.926684189954392,454.505863757147,605
558.81593534874,0.924382972282541,437.460408134056,606
421.409433941228,0.933253131826276,332.400802914509,607
402.158527265049,0.964996437766977,329.796601716111,608
352.32431199521,0.966440244341951,297.178680175442,609
400.618405930713,0.966064586112284,325.033019630167,610
438.202501915389,0.944626659438485,363.329500598097,611
332.065848351275,0.975187158480658,261.363498778207,612
442.580909514393,0.944587698994412,366.374465493094,613
361.385841163592,0.97223435700366,284.080565027126,614
319.377811158609,0.972524252964122,249.583003033589,615
457.923342560313,0.926123907181286,377.745169372794,616
384.433595985017,0.963943566723488,306.660956509216,617
376.025941830851,0.956636036381189,305.064123050985,618
362.294161738417,0.96439245355741,306.318186168468,619
347.99941869613,0.971016754866459,285.488337832995,620
421.452629724594,0.923642751713034,336.214370205434,621
410.816970577039,0.95994941381738,315.539737121787,622
558.39912781789,0.931913351875715,423.615950262103,623
385.591391242923,0.955751232197929,308.126702326432,624
470.441805290642,0.936493057020239,368.703050056158,625
484.022675357273,0.949098672825972,368.809172157851,626
472.110484835541,0.952731634956537,374.050712571624,627
361.072919315279,0.965430885600024,287.8775684128,628
402.114514913018,0.954043217875979,311.791103742474,629
417.724873435431,0.962618486342663,338.404141829317,630
364.18221479931,0.970425477346127,283.098774825047,631
384.684435402009,0.963817801688915,329.068221904332,632
388.519373489123,0.966591472876504,323.030212501113,633
404.523637367046,0.956816408502918,311.987177078302,634
390.741607929234,0.962189118309679,308.413423460804,635
378.981958668104,0.973822939466952,292.013336007098,636
336.633798965577,0.974470534481311,264.81402974645,637
404.054062033426,0.933926597311104,328.124161522809,638
471.127564067672,0.919268584274238,380.140319882552,639
387.326654468861,0.959596530324498,319.591339238585,640
384.729044756226,0.957493493931033,303.450097443714,641
365.047216976319,0.964248224343477,287.809461209994,642
423.723999124359,0.93351746600444,345.542466842952,643
563.703059879311,0.924911335144538,457.599133156934,644
354.629544475511,0.96528527011133,297.987249881457,645
382.444460296637,0.964196445637755,317.620024249929,646
423.979806611196,0.922837185455552,366.16196626056,647
373.903601639888,0.948119714736294,319.38083804183,648
390.226731649818,0.963868373386965,301.995745434349,649
361.907847915805,0.961091528725646,287.158509120257,650
421.399093940752,0.956205292375635,335.093330150746,651
414.992514614328,0.962505374077534,317.044167898435,652
530.207920388563,0.9368265508912,426.861222933742,653
421.559793726931,0.917175078564425,359.976272198701,654
372.018440282751,0.969592833123928,289.335362602795,655
403.840129409302,0.958015704742401,336.412520828045,656
370.086161976669,0.965191549409083,297.178643756301,657
370.762824809527,0.958796167855812,280.077681051119,658
368.641358207721,0.967256024962683,296.11809717877,659
483.112530045249,0.955007200456877,366.213866681724,660
367.209145998723,0.96452598651757,295.098716076467,661
339.605991341213,0.967501567962305,268.26881161665,662
385.36192728273,0.965844562696242,315.975725689762,663
330.052909522413,0.969367247000044,260.85804223171,664
321.300383315025,0.975662667949198,248.249178110736,665
341.466418562086,0.965391396487445,275.739094915698,666
445.586491404092,0.953198556232207,349.772579416251,667
493.699925778773,0.960784772714523,381.090687569685,668
435.416276816894,0.9277639846036,334.324792744472,669
351.194435729047,0.957874342285314,290.882682787845,670
402.826119247525,0.962180618825481,314.432894902523,671
405.502480320689,0.962748725365269,317.156336991198,672
368.037108092313,0.969519834859798,291.249736891604,673
394.729378822181,0.947895112408625,315.528007567881,674
382.619732994328,0.965724211617579,300.304492099019,675
350.643393743988,0.948460089893044,291.38457310667,676
369.038275124883,0.967003129761041,296.203013880547,677
368.250571621704,0.969097797715605,296.487388950677,678
418.903858446962,0.960208183923711,325.751424350316,679
398.873863090835,0.920675425671723,335.711120883938,680
343.942783077006,0.967958601642413,269.625718268791,681
424.175462625823,0.960682368087347,351.528559909547,682
436.985817356962,0.957462863486034,353.03759380473,683
392.994880634925,0.965784379895847,324.003211324474,684
378.004460620116,0.971600771558662,288.787222417095,685
364.572057804332,0.981980008177475,289.402249618146,686
398.583288273191,0.935590801598154,306.01082716123,687
368.808814243789,0.966687782194859,295.262015828744,688
449.403397806776,0.929792346167166,360.222692917408,689
377.629390834387,0.966996641964264,304.499382830849,690
392.598009493925,0.961612679508268,314.128376865358,691
392.269769549848,0.951939864546992,313.87247006762,692
340.107922495427,0.964145747567917,267.718108641905,693
344.717942634466,0.967958485949239,266.725999673908,694
362.455764394523,0.971415563801325,283.699352227635,695
406.370782402321,0.937176883592444,340.157682707562,696
430.244670168285,0.931341338997663,352.326746134354,697
358.748500866556,0.961524633062737,278.2796569471,698
374.110040949779,0.956780499609115,297.4040944336,699
411.418725138523,0.944330184793514,332.567769962029,700
372.328415055564,0.95162678134774,273.897213978081,701
380.612778429968,0.953512207939878,304.275379050985,702
495.225040410192,0.946501089206694,387.838070106935,703
391.073152225819,0.967348575085898,301.326264868465,704
381.221519406529,0.970200387331006,297.102749900925,705
397.541795796743,0.967292923375704,317.118082900077,706
431.933206236403,0.953501067575801,341.365483278932,707
634.243213591083,0.896718520722644,515.247114895351,708
420.898394733962,0.960733208384883,328.508739032107,709
388.043484165743,0.964210162746903,328.535986510216,710
338.767882181507,0.974073368878415,268.639052963995,711
384.655818243276,0.954040961613374,324.463032363991,712
352.853464322761,0.977137634314711,272.733501571413,713
443.624920911366,0.956172383969884,358.678601272041,714
404.241609690395,0.96112149721309,320.341266012031,715
382.658199861234,0.971084226678414,320.183027913177,716
315.263708832109,0.975158662324336,249.9999084276,717
466.779832582916,0.95259573618817,387.156366275251,718
436.033777519826,0.949517540635258,347.032263563843,719
373.387365002247,0.965888874889731,309.55764660574,720
369.729669821789,0.964582331007212,306.298434636286,721
442.910296788782,0.927768567387545,347.364093074132,722
387.663891863798,0.955514615034913,293.596156100977,723
340.025774257373,0.976123526745761,265.993480649051,724
527.92522928244,0.92953245043584,400.55025210752,725
371.97794712989,0.969969647620628,286.769249950095,726
424.658766626144,0.96127758100283,338.32643502099,727
437.321775700875,0.925837142044417,373.573645352308,728
426.7588062569,0.961494852365136,340.041381600948,729
407.81236571724,0.924609862045703,331.53055057079,730
350.327367104022,0.965812349401463,268.105270373649,731
396.348176031237,0.953803490289601,300.764703237594,732
440.998628799827,0.950648811320995,351.093106011543,733
452.107836597594,0.944366423343032,360.99546288241,734
350.75244106743,0.964387967797992,276.096624723982,735
359.993432620924,0.972302118567617,281.261198142538,736
364.684178032454,0.957423625157292,287.458975231278,737
351.093986910692,0.97178603221147,282.58198037295,738
339.226046488261,0.974287884929548,278.476394046283,739
428.021731479221,0.944296530276493,346.670530530796,740
372.360060224514,0.96775771958737,284.20582639928,741
348.297788186548,0.971066060346147,267.870665538658,742
475.218926843012,0.925691946835532,388.092439813019,743
404.555005043229,0.95510925708471,305.16193407543,744
468.79615094313,0.95566558241557,367.56566122855,745
379.373894353936,0.968403646268598,297.970514177012,746
369.111145594382,0.971224669374016,287.274100116227,747
386.369249238329,0.963659844968906,310.466335169523,748
344.948958478616,0.960709009101845,272.346758223561,749
345.074811836513,0.967359027896924,289.750432164927,750
423.726074244777,0.959983741267812,336.618935606564,751
390.027150846909,0.94466695928557,330.743816892974,752
494.313457613027,0.923516476170264,399.436780978133,753
354.041209274345,0.960938046243079,283.972996650846,754
373.299397522286,0.968801390220803,286.177797650371,755
321.847601821235,0.975054447148361,249.907276796545,756
419.355048857265,0.932291443266569,355.231448396679,757
383.751196923453,0.971180414171834,295.534920077691,758
485.591786127497,0.945469869688332,372.739485355375,759
368.486452004431,0.973486755584488,286.842792033461,760
431.139319925645,0.956767484390402,346.207799937803,761
322.981186487619,0.976425173973236,253.703578115335,762
333.78906896158,0.976718145250737,269.299129004844,763
362.935666796046,0.953290999262592,297.418889454964,764
371.67894787782,0.972609187979599,288.572686563532,765
375.695075634569,0.97092131194603,297.371470487119,766
345.00522007555,0.972614520690096,273.341435810416,767
342.565444899946,0.961776245854228,278.668683306605,768
381.950830010979,0.940260601611982,310.240998116335,769
392.334691211973,0.96489080539308,322.365610914313,770
364.531359025451,0.95776599244157,286.941428785515,771
643.132064791397,0.880594878008409,494.899132367687,772
485.693131910291,0.96619721405475,375.844250475528,773
346.330982075832,0.959761818841596,277.140994182214,774
402.02352346506,0.970526020064817,325.932533205427,775
445.626034983328,0.927417551919022,350.382346307585,776
406.539036684371,0.966794800975009,323.727082667957,777
478.647159088709,0.945343819397642,383.728386734187,778
404.469615126264,0.940400350827346,310.695909419503,779
358.876671881271,0.961636260290595,290.545425363032,780
400.830241818029,0.961135625096593,309.998736599154,781
364.736157900602,0.970295892470423,281.537112928291,782
401.469995410299,0.95664236129237,326.091265426836,783
347.558118349748,0.971869319901679,283.687672220858,784
327.564671549381,0.979639922042865,267.738699541464,785
364.437429762274,0.962955905909127,299.598608219977,786
493.094114714767,0.936192564227777,390.615193958876,787
352.670470975644,0.978147385310402,281.298745441198,788
370.583767011225,0.972791826154937,288.35868808619,789
496.677165877,0.940065431510644,373.168823998178,790
409.535349265888,0.924552692374969,324.986577702731,791
370.085445977526,0.967249894526093,294.406252802593,792
425.241718538288,0.958615648402565,335.281099875627,793
370.113100907487,0.954650352199194,310.780248551891,794
419.188743124229,0.932021892706541,355.573629250919,795
358.456656629194,0.961241468486873,279.52464536528,796
398.800628948609,0.940143243883255,329.897809951125,797
420.422813483729,0.961344966921798,338.256196458493,798
458.681891500277,0.9199143208208,374.656764099334,799
468.522200490619,0.943181516300667,382.389409615455,800
370.938699143026,0.966143458124854,292.790202953047,801
429.347634142951,0.931611991408455,350.155881655324,802
440.864274984305,0.938314374136151,364.8452096017,803
405.364868095541,0.948393705071208,313.534714927968,804
354.744405190374,0.969914874882922,274.860280090997,805
436.626458468516,0.948741100764294,347.846253864101,806
362.442056706007,0.970904344809132,279.333858734222,807
350.590712821739,0.961319860473031,279.466864858316,808
380.263151439581,0.972653214947222,295.66120954322,809
415.274614818558,0.962714077979493,328.326025390867,810
441.275420380044,0.947089426179147,363.779204272032,811
415.45337413921,0.963513141698254,324.979130503295,812
563.658317440844,0.947139453923641,427.821489170074,813
443.326392060398,0.930336785709854,380.495461138491,814
451.899583778943,0.959736192979168,360.722905250572,815
440.641572897303,0.951683379752288,345.673439866929,816
378.747742616971,0.952310492334234,301.766286094984,817
441.562282871718,0.954685428475431,352.928559239486,818
528.291503334415,0.922867465261463,438.112216988867,819
434.975398553736,0.947383743273362,343.490678303026,820
478.993831594709,0.935959206065637,378.991540953851,821
382.992522640716,0.963669211761971,319.114467819345,822
374.247792308541,0.968251724072175,290.976005114072,823
438.557500457567,0.933027026043549,358.298981683077,824
359.140465108063,0.960210734629091,284.10749366337,825
350.492378906238,0.964243971222621,276.530651592467,826
420.939649859959,0.923943237252257,350.937074931151,827
387.583755890169,0.971507452725144,299.712545998245,828
357.23426745315,0.969093893051171,279.942277715883,829
435.302017373663,0.953541090226211,362.285406962194,830
366.887439352345,0.969558492278028,288.003976809842,831
357.089964164587,0.959796724438882,287.922847979114,832
397.92067888114,0.959385641587466,306.535541074676,833
413.386516234366,0.957301966972747,327.072794814471,834
407.608666233907,0.969469313747506,326.856497933067,835
433.069834742711,0.95938529783961,345.8064070022,836
443.922757735627,0.953622909417102,344.4099268443,837
353.816879889114,0.966129063445521,273.226430843437,838
438.345627357624,0.953259924434161,378.857370383233,839
356.324167865741,0.974128700402911,283.290898258864,840
380.097964930109,0.956623833598316,316.362153101965,841
360.107330700221,0.96271275514796,287.01389198798,842
395.625064867348,0.962841788210742,335.93227942634,843
369.334871057973,0.972937319685025,287.120491585541,844
372.600202220611,0.971135528925444,300.329729624631,845
368.230517845514,0.973491342552095,287.088942722534,846
362.980678819863,0.977802936961809,290.887502986438,847
397.1624808868,0.95270834955874,330.061471999276,848
455.086574281565,0.949513235272045,368.1736668292,849
406.874117086779,0.958377879250322,324.343669191732,850
368.774259758656,0.972592927529599,290.619696616289,851
372.406514207565,0.961804439635741,310.258084958201,852
357.243522915212,0.96129067796427,285.204018139938,853
404.945695512301,0.967406339902782,318.887768675418,854
355.784818206136,0.964528908644315,283.830254624767,855
386.389801137148,0.952059882087444,306.07190162917,856
372.755796531883,0.974583094027295,285.913434957711,857
388.301372403235,0.963796559868213,314.377538907568,858
340.773150541278,0.971847302079513,280.254070498326,859
360.84238824218,0.962374714775877,287.824764610009,860
421.004107412534,0.933374376810175,326.083224484367,861
387.444264887991,0.96339274925555,304.63530464246,862
384.220202527345,0.947695049905208,305.272040801638,863
365.872689147613,0.959134185710627,299.773509129029,864
395.415218502778,0.967105401040106,302.538834942383,865
440.699204586266,0.938510911190544,366.66853936995,866
467.007471352584,0.939056859255048,357.122260151779,867
539.920518681835,0.920659740661851,422.509716226093,868
357.995962812899,0.960744380216916,283.880333186397,869
417.424053681349,0.919001238509785,356.764110504419,870
388.006772919869,0.934202700168667,331.672205869417,871
370.161048097862,0.960104782388741,293.120663593591,872
353.442801207981,0.971150036777465,280.381945335313,873
500.281295956318,0.92590749593428,399.907814015388,874
393.468538331757,0.963476633193517,313.007491496793,875
368.94948995234,0.958729909301386,286.617612299354,876
399.0887912883,0.950092520195178,327.923762424208,877
382.264815736726,0.969166505280262,286.278481061948,878
443.162003836276,0.952569513288346,359.587250476709,879
391.48243466188,0.958608843801436,303.910565307976,880
399.316178271538,0.954875654322093,311.217510851911,881
368.161294652378,0.976184932671442,291.431604376738,882
557.872928471124,0.873829343206916,427.337028121364,883
404.481465012393,0.934754271587342,334.792303841296,884
369.127442350866,0.968248782543728,285.377584206182,885
414.852725033395,0.944085791302258,334.447257596943,886
386.925812045791,0.945910047470034,333.330100883096,887
478.925962065522,0.932349692146916,372.291977155126,888
383.362683354238,0.9422369144447,311.790363638598,889
379.203742306474,0.961688532963423,322.697879734562,890
329.83005749015,0.980584145535768,272.837614597696,891
383.318632882611,0.965384978187939,292.814396956604,892
426.18524997998,0.944932551134485,332.538351244431,893
477.475719737746,0.910161049484021,393.500972286402,894
413.133757401755,0.924483466764053,354.032660971605,895
463.707022503744,0.93492003766069,380.525918748437,896
408.803678275104,0.930708131106267,342.1245148205,897
391.588660743348,0.94746679177883,323.294312883799,898
369.233646094476,0.950041741155938,302.202179717968,899
378.841702475002,0.955800136471291,298.408751131292,900
405.089343659569,0.952273893838117,331.772258410145,901
374.125961353499,0.960717833965989,317.576519479775,902
651.35897994329,0.903975593704065,515.293735211758,903
403.54793085004,0.951865947962825,305.249855840715,904
364.673736724492,0.963051107458995,283.386415758453,905
389.022487866944,0.963012663595268,313.125262558944,906
572.611617520006,0.923028830395846,444.024755316905,907
375.006780646445,0.957423999298755,290.858532955549,908
368.801550410746,0.961752787629217,292.276375539981,909
558.192283975294,0.907446517246545,432.818524932173,910
360.812986965278,0.974045076307628,284.116130241133,911
397.364222000444,0.966678775960795,317.540842698597,912
424.087006376684,0.957303076200842,324.491611598863,913
318.132280512948,0.954209887637613,251.581686397083,914
366.16455674024,0.972034312789043,276.804726354901,915
459.03955534078,0.965620874167405,368.399510194821,916
388.798732178441,0.945841923935521,335.424376807189,917
416.985941855495,0.964706589326233,352.906028940603,918
493.553568033583,0.933260431181017,384.204768260064,919
414.183477094703,0.934575856465106,338.925805372143,920
436.902864153813,0.961514156065975,351.606849434386,921
366.799458425564,0.956313690312398,299.999613246926,922
428.689892270139,0.931092838154967,349.954066933435,923
353.030538510316,0.976735686900373,270.910430820139,924
454.932946996041,0.960643063208333,357.670969844156,925
347.648745909738,0.98236186940998,266.721065993682,926
407.887245914741,0.965938658301541,347.076920024213,927
368.398271245881,0.96961479603424,279.386147289028,928
412.651148290718,0.954284701563285,321.548469982926,929
467.606579769691,0.940709143663238,381.812609981216,930
541.263785338824,0.909597861808398,420.016421032434,931
416.027541330841,0.964652589254322,338.662599541407,932
412.797381205167,0.965107777278131,327.386555798841,933
402.46073128497,0.961275263445145,341.836820749957,934
487.307932278103,0.93227296939237,387.623270797877,935
404.19178447997,0.965481185997015,343.188211660447,936
402.161562027974,0.958879032809837,323.88482601033,937
521.25277267803,0.922810052199626,412.350565565165,938
463.859351814514,0.918207614695748,368.901607182564,939
484.325284469021,0.931368008830074,387.86798582791,940
432.816670206356,0.947012306222317,339.636645892617,941
522.35003888757,0.924632992798598,419.105536015283,942
505.041174563621,0.930218628818693,396.881229618565,943
461.360995176144,0.950676561212176,369.140958993301,944
389.722600168924,0.97356054672657,313.989947613503,945
351.371248029148,0.947968650660809,290.695599501438,946
445.468704095464,0.953755281711874,357.681729646961,947
429.455988901373,0.94061893582302,344.134703189848,948
557.752765332176,0.937500114224221,432.485486849262,949
473.821863575951,0.938902463747095,387.331527485525,950
398.973686355654,0.972500349275611,315.42719115777,951
392.125865710011,0.959628701021668,297.101499083426,952
450.957929653942,0.962341323452277,345.351394634539,953
490.516476864159,0.949159047572011,385.461573982538,954
403.138952244523,0.938653576116245,333.720122414224,955
446.566677913914,0.92604624842763,348.94463798769,956
457.258973129748,0.912960431342323,394.592371003281,957
397.029087234929,0.948268459971039,314.759528851702,958
373.06214057948,0.961371541394489,307.239915175116,959
457.875214503908,0.958969194246481,373.060182472151,960
457.867106235408,0.961897324919242,373.028566590749,961
473.664022205268,0.913695507708892,376.62354129268,962
390.563071003962,0.962031128707219,336.77608167033,963
432.096328256694,0.960053727506405,354.295598449085,964
469.223653879857,0.940756202704649,399.815310839361,965
369.139604641341,0.959266012026614,284.790294272841,966
508.990671589381,0.904563551703718,407.284933319625,967
423.052381902508,0.968125986516073,329.457923377701,968
438.972742697264,0.954577112474119,368.154214924767,969
348.983568169234,0.961961761122274,273.748284534352,970
346.814060632006,0.963719508182694,268.690737778822,971
351.44173250154,0.965719441411788,278.35310413474,972
371.884126242822,0.964197670926735,297.540639781546,973
424.066348111081,0.965838003787229,334.383876745885,974
378.278696226033,0.949130768728681,301.76730633262,975
455.278575188082,0.936168022759864,397.041175173349,976
404.136040101708,0.92767322927553,316.501354090075,977
519.867811599477,0.94376282466049,403.97517839692,978
367.782552387622,0.970737481060146,294.925148732516,979
372.485700875777,0.974926062526441,283.365737651237,980
442.94352990561,0.941918274503786,370.979772372091,981
378.708571185333,0.95534868551251,309.029757990618,982
460.92484627837,0.944254250060857,380.165730821517,983
404.5790083124,0.941232934292587,308.685324973728,984
420.276742707037,0.96402084188794,344.296318186152,985
470.038019869913,0.956837223656157,388.143134561947,986
343.316668059053,0.963734783013623,264.785079350836,987
448.608641204595,0.954047210869918,350.878552767647,988
430.229043778299,0.922691473656032,355.433986774511,989
456.138363183813,0.94937537243714,377.511430751238,990
445.011358833452,0.963433867511597,347.569131243994,991
355.190590134458,0.960409444541844,283.253982827969,992
468.300752634552,0.942001195912436,369.325366213334,993
394.295195055849,0.965922715241239,322.832359898516,994
434.289334217304,0.927869715422171,366.599443782616,995
384.059958820578,0.947966833239283,315.214822609514,996
458.061450020558,0.928010144463192,378.978428765795,997
473.782788672095,0.94640737783625,367.803491757262,998
436.485844107271,0.934283159743073,363.192484784148,999
367.79523731979,0.968612573699147,301.064196645096,1000
375.45727152844,0.95511419582985,295.790997568035,1001
379.148247894859,0.944469530149425,328.595101585147,1002
431.150250000325,0.953535069032177,365.283393217622,1003
475.702677330445,0.911805543625115,387.309831165215,1004
427.188964871606,0.956817170439491,344.784492617424,1005
374.565847207592,0.960946527275072,302.733596198677,1006
361.026953543404,0.962885435635151,284.146527197755,1007
347.949762692187,0.962428824776774,281.706387021266,1008
443.787195757124,0.926054478068165,348.84273735324,1009
382.713498096846,0.955987252614685,322.909936752434,1010
437.874315943482,0.963880308262885,355.21862486403,1011
352.125036502629,0.951472586723212,282.578812349295,1012
431.847633864508,0.936290698333333,363.906307394711,1013
368.575923499462,0.955313421683457,302.539027881855,1014
537.424628780205,0.934851716946449,433.265893507489,1015
347.623016939996,0.969401081542753,286.875059357602,1016
450.958480165368,0.957011546001893,370.842733814498,1017
391.948723418421,0.964833665749969,301.594173973671,1018
348.770986200244,0.975048466746328,282.182496877886,1019
386.635203278454,0.961085540285497,310.191239930516,1020
378.120728484671,0.968881274108846,297.49512522521,1021
472.877488527022,0.939690178934372,385.635358073494,1022
440.316336969926,0.949304044499258,364.108823818472,1023
456.976311523429,0.938281572615081,371.975855680518,1024
470.481433195833,0.938872483372069,389.45243562221,1025
405.241652944521,0.971092832717358,320.88052973185,1026
406.939756845559,0.966875928088127,335.444609552975,1027
470.681962277302,0.945974810115341,372.177023869678,1028
362.016798538207,0.968649256725298,302.628468829657,1029
510.067939623709,0.895935268536715,405.221584344633,1030
486.545353886837,0.902200592188064,416.579350015879,1031
414.129402364707,0.96606254196391,336.304828655701,1032
436.35483294432,0.960312453386132,366.046498161252,1033
416.275052094094,0.936828295584677,353.033257236496,1034
412.411186756896,0.944697875247313,345.405655615276,1035
443.655685275104,0.951933948958687,370.878666792333,1036
454.401591961722,0.955900830088165,352.834391884468,1037
433.603606273532,0.960836467309432,359.718360012161,1038
503.046288223945,0.906370542304088,399.398724309363,1039
455.456053363693,0.922336522711874,373.584750289418,1040
425.283908911101,0.936265219700096,354.551675117375,1041
390.939344029737,0.970093865849327,326.174078414705,1042
410.748339890568,0.964630914896768,349.249142444442,1043
413.134137852243,0.964895188395402,356.806987127845,1044
406.819741977588,0.966121916434122,351.766912376896,1045
425.488994605787,0.956283651863811,333.932205151589,1046
483.59163236795,0.916849660556763,379.372062265976,1047
411.792419066069,0.955400162953058,331.295260189071,1048
454.073724914847,0.952153752542212,355.094056075846,1049
362.516989324601,0.972794442566577,283.564471609144,1050
521.563627028543,0.924585560248849,394.95385561471,1051
455.216072966817,0.916252911806522,363.906526970976,1052
535.441837305386,0.925096649336009,409.882406935918,1053
432.76644380982,0.95907712811706,345.44901540406,1054
412.914925324956,0.948925783139081,314.180024068975,1055
445.686963893778,0.929687720822377,380.99395655347,1056
429.03903291724,0.934510415886218,347.468976071422,1057
378.310094491935,0.964866256407499,295.722260837437,1058
479.775728160287,0.918346951955104,373.961576854225,1059
466.877008628473,0.920459166597022,393.588375897436,1060
385.802891412825,0.960112249014178,329.903241300514,1061
403.841503729083,0.955183233101125,318.696391314976,1062
358.642487367206,0.966250199715412,300.551054686066,1063
437.089041942435,0.934319182832347,340.515576646537,1064
435.789883362731,0.959112674449475,333.641517056321,1065
422.143751314372,0.955749518386357,337.585206319306,1066
436.244845504257,0.967592420105445,337.930868410111,1067
407.12158574168,0.966396763117228,328.671867408444,1068
560.514221863046,0.9047327126421,462.533859857762,1069
364.007621062119,0.965284888617117,285.710130015036,1070
454.601674576157,0.929897292789494,374.704360654787,1071
422.969152020037,0.963750000515898,329.227687135289,1072
464.63001775235,0.927902388772587,370.599068699285,1073
428.265071768859,0.937440418171665,336.00507246166,1074
422.346363331488,0.952972789463892,363.630481044175,1075
421.101721727153,0.966752592499706,333.521894390691,1076
377.721804723121,0.9667848147705,292.908164390004,1077
441.174044837398,0.951396785494556,365.521211181096,1078
460.839873442805,0.931287681774993,390.579631785464,1079
395.344196547033,0.960450416615218,314.987006798037,1080
481.973770744309,0.927329473045757,386.250675930708,1081
408.510600829814,0.940687438949408,313.708701032279,1082
463.283775784024,0.946891181852331,358.353549558201,1083
354.178598471335,0.973491692509263,285.894593555851,1084
481.853231458226,0.911719368408467,379.18341201094,1085
392.00137681338,0.973329739357216,306.369227934582,1086
423.920071096907,0.959189089887221,343.811082276415,1087
376.579393113869,0.952845606398698,304.030227298555,1088
381.172441309045,0.956457764068829,312.590000080104,1089
363.454766083724,0.959255364262632,289.003978254472,1090
374.474981491422,0.962259298991603,291.054232878595,1091
484.808130580554,0.925647035722913,392.48744923808,1092
363.342732135208,0.967666787802994,292.33100725812,1093
405.707216907005,0.944278102611508,338.171524532752,1094
355.098714157011,0.9734105875143,276.817798137574,1095
395.561090257246,0.971860300794644,315.700517957904,1096
435.490536683963,0.922691463766907,343.957787260763,1097
443.189915657328,0.934087587252629,365.060156840662,1098
459.574195931505,0.91572838984878,379.64988801522,1099
425.801766062976,0.925179988249895,354.816046738541,1100
428.120861596152,0.940993067124346,330.001671693795,1101
398.406812322863,0.951755537925669,314.560943018008,1102
385.630452211956,0.959510395620289,307.838026693507,1103
416.000686397519,0.960326076714889,336.202554131228,1104
449.193141825236,0.923491189438515,364.314448839427,1105
447.463959597106,0.922705267024003,362.068710953392,1106
385.434254546865,0.969066204001254,301.162753970687,1107
324.373084841552,0.952732243699959,248.554801613696,1108
437.702178340767,0.937796248805961,362.703386843991,1109
394.883748837129,0.969818087399302,329.738134077082,1110
383.664364585294,0.964966394575425,309.314535359467,1111
459.093123589399,0.907488079368146,379.303283076834,1112
414.384737427593,0.923656578404553,359.537837522019,1113
450.890053902689,0.931121331603144,367.875298466481,1114
403.174020056829,0.962706820693411,323.70498018582,1115
397.614006271809,0.968513739117927,321.953131664853,1116
471.193600705968,0.938172687447253,372.087131068281,1117
914.645656824128,0.753314437024052,726.141505648709,1118
408.784240171621,0.953818732131364,327.001926708176,1119
434.878584708043,0.938256596311563,359.2348441497,1120
400.443264313386,0.961243307935624,316.045721969585,1121
384.380136830664,0.955227277212383,323.177815032359,1122
421.30379729995,0.937036217226245,357.217480410465,1123
378.508059553539,0.96322180140177,309.870713541809,1124
388.503193935753,0.947493400716275,312.483061201544,1125
402.802397822729,0.960340340043638,312.727240702347,1126
441.570727951317,0.955150977749235,346.15959037128,1127
355.94722228085,0.967430985836657,291.284080025132,1128
387.834643504378,0.96637940263771,311.716800037498,1129
394.869317164156,0.954876478285254,313.702175370809,1130
417.990816918956,0.951773449868713,332.095695397317,1131
390.849651354221,0.956354977156375,312.46170797227,1132
452.778077525439,0.950628747998242,360.82656625766,1133
407.057324646714,0.959988016050058,348.233072010211,1134
368.292763171117,0.96731537842502,291.313064021091,1135
360.253117093417,0.95934319028456,293.571240833662,1136
360.732253193909,0.97085983752775,284.256370889697,1137
445.878108689031,0.963254993715681,356.20944980913,1138
424.945415820766,0.963335855185711,362.124688585176,1139
488.568817117282,0.943996721277821,398.292948082938,1140
384.882063578858,0.968505296783861,305.39247080474,1141
404.578457600327,0.969573370255688,320.686145513458,1142
462.155830050915,0.935469023383107,402.853035723126,1143
424.122123553326,0.967713536327397,331.19928751831,1144
407.309422095126,0.938477548450332,345.826516000204,1145
391.834679865393,0.966021009489831,303.008502262908,1146
436.640941006122,0.925174203120317,352.464915444797,1147
470.883542696517,0.926652879791148,376.227213419094,1148
390.671409778358,0.972425806772854,318.609970189859,1149
755.69973738431,0.788932748738523,587.539796855488,1150
416.154196032316,0.964605914703938,356.634123751736,1151
417.552892230724,0.950824746010169,337.69143100472,1152
440.382075954152,0.944119188472767,365.13686177692,1153
429.456147226947,0.964700927246228,345.378116298999,1154
412.276438851304,0.964198819148228,351.902568529547,1155
385.158662643701,0.959548040914801,301.395727827188,1156
407.547370529286,0.930109956014118,331.233051045633,1157
382.442560112148,0.952108395078853,321.145958010964,1158
387.993545731963,0.961632648388449,306.982132242849,1159
420.639940347141,0.940361416966006,352.768026149889,1160
423.307827274226,0.92639888729965,343.286704398252,1161
403.523504858321,0.937097429798295,325.240426099609,1162
641.190445600148,0.894341432452122,503.226582113224,1163
512.905758191915,0.923661452631562,407.673231154314,1164
374.876167500731,0.957500931426424,288.360209150527,1165
461.925788831608,0.942620140624257,365.498204625937,1166
391.359205869321,0.96726033819814,314.173676444951,1167
378.429573641333,0.957735340862208,305.464858176651,1168
451.101608244944,0.946784305783341,362.760779532249,1169
461.192043953771,0.937423803259238,368.372456659858,1170
374.2948649078,0.963878894525676,293.435470398954,1171
398.023474671603,0.954369119728797,321.329931449439,1172
401.740324766578,0.970421202631232,320.969460659038,1173
374.677890617323,0.956546558731391,316.403923139707,1174
377.1989196571,0.951449507823022,307.453324294711,1175
398.025839232332,0.928705520813492,331.933982868382,1176
334.670033643195,0.976863576167259,267.975561487501,1177
443.246534079101,0.934021881202318,376.738964858233,1178
510.559066654715,0.925466462480007,381.869387947734,1179
378.608285084726,0.965247870058696,297.848675508071,1180
413.599127044168,0.922902939053939,324.377714776475,1181
479.079882675828,0.923795783663285,388.369676723135,1182
539.812690311717,0.903435199966459,429.985290669103,1183
404.230569028296,0.940334270621655,344.245569013434,1184
352.343614671288,0.962008616813737,272.974523358964,1185
413.663397207254,0.947777876672056,356.080138254672,1186
445.830357102364,0.938750118898486,371.342104523278,1187
426.574169624525,0.949547528216352,353.726014447781,1188
595.282207599902,0.89940078275601,474.386450762162,1189
499.178448347765,0.936502077005133,397.389543561994,1190
438.935349872666,0.941210069882421,363.713076771908,1191
390.72571326784,0.954214621887691,305.930110392231,1192
356.755850234218,0.964185520334814,282.201097377937,1193
376.926412231748,0.961193724565696,301.009055126316,1194
405.455992177382,0.965657954898557,328.586170309659,1195
474.745350439897,0.94228130776757,376.049172290619,1196
380.17793317109,0.963885926309241,300.58025921541,1197
384.88512437376,0.964880723209538,310.782735972998,1198
354.181543797402,0.944995154888714,281.239797212631,1199
418.441716627776,0.967758891518929,332.879015952515,1200
411.127303641937,0.953618562787405,332.768937670832,1201
401.62166596392,0.935574873341172,341.089622695331,1202
360.068766874653,0.960646615100401,283.734654289012,1203
402.310240240526,0.935172999640475,345.201219336423,1204
432.062110123769,0.935813552577075,363.896110742877,1205
453.671209431704,0.918008629138018,386.000586650191,1206
441.580525749347,0.961117729404514,361.529321451709,1207
404.799147479464,0.942754423910451,349.970359583891,1208
425.334374209883,0.931582951929895,371.939364491893,1209
563.965177477354,0.953197166478582,428.223028994976,1210
426.287439372004,0.946511799636498,342.89795746042,1211
466.081733367141,0.93973482610788,385.1568505884,1212
356.280081247449,0.968270442276096,293.34822349683,1213
386.169296576595,0.960553494335426,317.359393349095,1214
393.804476703115,0.964565043499929,308.006896138617,1215
364.898896164742,0.965481717328212,282.407010116679,1216
359.899351162414,0.971956428731077,291.474795340218,1217
430.017465520439,0.965962762315222,334.979192030376,1218
440.242177103546,0.938881603983938,368.601548863278,1219
438.149867189144,0.949664734094155,340.982508730039,1220
354.215197209615,0.959979042812106,277.639966503193,1221
414.261855560036,0.939335285309729,348.715027388471,1222
432.003805613421,0.927746041646297,357.526778112555,1223
402.396733277603,0.952475972247525,328.527924450246,1224
401.919593694918,0.970184170637443,315.865631744926,1225
395.871912947394,0.959206268891989,322.255078212384,1226
454.141641397551,0.945256671735403,369.445624058636,1227
456.328861574581,0.959593007607874,376.678701730653,1228
370.534297925506,0.948765981689072,314.190371350549,1229
360.85923836739,0.958188611019149,288.268016778316,1230
557.916719210826,0.946547776961273,448.493161476749,1231
446.771162651073,0.920262158004254,380.180766299015,1232
430.864067937348,0.936161689626253,363.877432274018,1233
362.653701881183,0.966256425626872,296.551139523421,1234
425.365461772139,0.925779054159704,360.511753621258,1235
405.313119160819,0.938939588889009,346.697237259874,1236
578.091984669207,0.914387715474132,455.676699196166,1237
508.698157707033,0.950063387020763,418.91960844806,1238
507.304678395243,0.896555967255993,398.605636058155,1239
467.303691182719,0.950057683942911,358.262648228604,1240
515.301646268564,0.892628006271196,408.737128262511,1241
484.697949145472,0.891217761159709,411.587049279343,1242
379.859470588063,0.960748219613023,296.548357849634,1243
366.429305889748,0.961165786638312,288.474306312399,1244
394.501070514524,0.9597548208224,333.039029162926,1245
357.360109607969,0.970861508835704,300.468431282562,1246
435.374388091857,0.960322712857318,354.997459467747,1247
374.660927437325,0.955091730655911,332.187691305176,1248
381.208359752659,0.95304242667377,299.343063487811,1249
393.789854246201,0.958569888509075,304.096998400704,1250
407.973512891971,0.947558500232894,318.696183771757,1251
353.343745878139,0.960500573234403,285.745826425107,1252
406.239070890579,0.966722739720891,331.436450950913,1253
378.600862178403,0.954388190425863,307.560133249122,1254
432.739756398654,0.938255949322706,343.741497847879,1255
412.866613814593,0.967931614917192,333.87231708688,1256
390.659610168803,0.959949733982309,307.94261624937,1257
378.256855244808,0.968941519366521,305.334582641447,1258
418.07535323193,0.937079845674844,355.475712568868,1259
438.645918955455,0.929618064090567,354.999182167625,1260
413.256106754844,0.952336201526932,311.312594408922,1261
432.870800518197,0.962036070739336,356.971202975723,1262
401.383505506961,0.947727463953353,323.339722493126,1263
395.289072898616,0.959973355401055,321.260207939972,1264
366.070895775192,0.968581638911686,285.483729618481,1265
394.206605039945,0.937734114023295,340.400619062348,1266
478.494640911428,0.92312012214598,396.003035144702,1267
445.096437563294,0.941089688445451,364.88059893428,1268
423.416925532011,0.945451808221725,376.899577326476,1269
384.962753586815,0.95501475520761,314.902049822349,1270
413.554108528355,0.939629580557001,344.179575118055,1271
435.384049853185,0.959620215424238,360.809359431863,1272
444.897398420245,0.950969916598429,350.765364750126,1273
456.57680673077,0.940742097650087,357.438622119498,1274
386.793727044836,0.950475725348273,310.319518958582,1275
368.902879739401,0.970465376083293,288.581722981405,1276
399.511626058124,0.969154001081682,317.643411368866,1277
401.619398304329,0.968212561163327,318.813234545375,1278
421.679746048899,0.940331857038863,351.801596354896,1279
365.143294659871,0.961825213557274,294.956688966373,1280
413.75852411742,0.937090597044803,350.74712951807,1281
382.083436443809,0.957920880969202,316.314708285104,1282
447.961758265401,0.948503778979468,353.657615156957,1283
459.230288666982,0.928870542956483,366.725501605424,1284
369.777662508646,0.964429296586571,294.845993183244,1285
440.351357549965,0.961902195940878,360.344821698763,1286
389.769754093773,0.960713381862924,317.30331944163,1287
393.626215963581,0.968473737548703,310.289701666921,1288
363.946812776339,0.968845785985363,307.494837227759,1289
481.818720176829,0.947985610217658,381.381808892845,1290
378.799140765214,0.959361442889941,304.180080974902,1291
423.617027701819,0.938612374922568,362.553348890737,1292
412.724827092656,0.937009259433434,350.287751288443,1293
369.93556308345,0.96446687461695,294.190179218033,1294
458.61189426845,0.954122279605747,355.571333038259,1295
418.598062095901,0.940763047348303,359.267889535983,1296
391.61782955442,0.960332892922059,316.035481774293,1297
416.556441332569,0.936672820478795,353.464793324629,1298
422.609583265428,0.959867242931334,328.142718614046,1299
438.85904030398,0.95794348892333,369.793892161835,1300
406.842899890726,0.9379150634639,346.345875417473,1301
398.567195722475,0.936319026684921,341.399222370741,1302
361.601568643337,0.967631906635567,290.918948069402,1303
447.807010433211,0.92546612967211,388.375176595169,1304
440.53540800332,0.912031335132471,341.864247744762,1305
440.937482905919,0.938255817765015,369.652352394606,1306
487.716227554466,0.897117616532034,416.212237063541,1307
557.384552007678,0.925791582835995,443.802496017648,1308
769.208712776163,0.822251382469919,587.011421866277,1309
381.670845435014,0.963834559090279,320.232874230942,1310
488.479732455729,0.909649507112495,381.757175865033,1311
401.10862550978,0.952610994002841,317.532538879952,1312
452.3872965605,0.940790364588678,348.125694027727,1313
379.927616233792,0.970249085160058,312.113845352272,1314
446.256206832686,0.936407044202306,371.438498703323,1315
418.36243268763,0.945511573180001,360.959198323427,1316
395.102170222768,0.960794624985034,314.183811208229,1317
345.922978233329,0.9748144485701,289.146537865384,1318
365.690335309996,0.974732597538622,283.620824890081,1319
389.981931858009,0.958165379430529,306.415047220479,1320
471.301478657449,0.934236688945203,369.400771546286,1321
436.089402450646,0.93924239887833,369.76652203348,1322
502.532716163584,0.943081762388195,399.59334844163,1323
456.753805629111,0.928081677487408,379.691005941904,1324
469.454642199261,0.925160707645531,373.313510842193,1325
371.838459934284,0.953311788818091,294.005025100679,1326
427.814976152541,0.941335779119535,322.772109167605,1327
522.688589205349,0.908556335184874,428.100424848151,1328
398.904216747474,0.937251453789986,328.61251155431,1329
516.313742758596,0.884610310901832,393.730108240822,1330
398.263460624306,0.962339184760993,317.98086131747,1331
451.519040985112,0.966045606739989,351.262293642589,1332
408.72226191352,0.952550671557765,322.942789247786,1333
471.212614849261,0.934546420959618,413.027479811738,1334
413.190185448883,0.936563863908432,350.217212809159,1335
402.646616778962,0.964098987730534,324.802647142446,1336
416.492139696952,0.946524957039869,341.27640311283,1337
376.173089910501,0.96398611499906,294.881998858061,1338
432.105813244701,0.936677327632124,360.826951164258,1339
532.36447661768,0.930139684619863,412.216189360615,1340
481.955112888995,0.922287739619014,399.400007463978,1341
675.34086136052,0.866194517152683,575.3250133901,1342
405.314197382272,0.936188593183148,326.206109956194,1343
379.698767621186,0.960587445153967,303.575846727032,1344
419.112470968214,0.934069914357502,355.37924548667,1345
481.097308470485,0.934055946534871,370.604281809856,1346
419.476486886403,0.942366568727501,350.912048224755,1347
432.8340529155,0.93667623733235,361.171851948609,1348
422.22246749307,0.939416799705658,354.287869428662,1349
421.842139167886,0.950790868680168,342.724539166366,1350
437.256239058429,0.937859197095566,365.201712679953,1351
396.949951729448,0.961116064525869,313.899747196086,1352
346.024985731619,0.976490255903129,272.850061473717,1353
388.027966876625,0.971132885882671,311.604787620814,1354
505.716682316336,0.939163415613759,393.798194499066,1355
352.88443764031,0.97034974839232,290.860804678434,1356
425.210753686006,0.947352251519809,345.348872265058,1357
393.703068474595,0.953305316426144,308.194033864936,1358
379.219246030503,0.945762706669554,315.339903428357,1359
515.76226183428,0.930613719230782,397.797249154402,1360
381.010123438692,0.956725927189417,306.785227636966,1361
451.577579906841,0.931576162006887,342.570289297991,1362
404.666846328257,0.930140060360793,344.998622856918,1363
414.931530225024,0.944221309705274,323.782037617825,1364
395.872696426511,0.959908650260347,314.834151029046,1365
417.057061114403,0.931774707482876,355.974526625543,1366
391.943762742156,0.949649346815503,324.59182375171,1367
421.085955445894,0.952937948739223,331.740890207666,1368
370.97444839327,0.970470434153872,299.584444332429,1369
418.353752422915,0.938776226285958,355.276227812302,1370
423.24689966524,0.940940828259388,355.961879006924,1371
544.928811819068,0.95567772351158,416.381236099157,1372
348.634867320198,0.973964719652587,289.085057280718,1373
487.984721828416,0.932707367744284,401.240089718364,1374
412.305683810859,0.955917391175279,326.895781376132,1375
423.244586883314,0.953388877491261,326.107440348434,1376
398.055871385786,0.956341261574954,324.420998698688,1377
431.986310842799,0.931573636722339,342.461298903896,1378
452.570781925985,0.946251377389874,385.044613532614,1379
339.367161162812,0.976013604826681,277.342885883502,1380
422.890478030746,0.949043374457274,335.029688101132,1381
398.385582830648,0.958538979548492,319.84288596802,1382
354.078050622378,0.975595496994043,283.81592066094,1383
496.252746268605,0.932168681975081,372.055308602744,1384
329.462303960354,0.950805860330148,254.081050381165,1385
412.012666071336,0.950593755855146,336.112746091181,1386
440.294427090071,0.946658988264741,352.809958139176,1387
421.687194138576,0.945531849620902,364.018444828147,1388
417.362201319143,0.94954155684092,349.985225902004,1389
354.290532846458,0.972423928710949,280.210417321042,1390
437.057899256882,0.939946875675197,362.432292206433,1391
349.357045815793,0.973981976824231,286.176190766065,1392
413.926084196694,0.9658771385328,337.681305681973,1393
447.557753284877,0.917350056432371,387.69020499793,1394
471.523211162634,0.901624509000664,389.849005086071,1395
433.796386350536,0.946707019975061,346.218514644757,1396
343.786752292587,0.975788844267731,273.498456041702,1397
445.062482307057,0.914291259859665,383.655477459125,1398
370.812829061157,0.97020543624771,302.011145568045,1399
405.304675445854,0.924618541405052,341.596910643353,1400
384.448093234079,0.959959958617605,314.930311597185,1401
415.194516788715,0.940373808218625,353.340271435102,1402
423.309976278208,0.946202243679438,338.744002081115,1403
410.716859075152,0.968454592808445,326.960405389503,1404
405.526499660769,0.944399906970431,332.09998672132,1405
369.222824512379,0.967965454607977,279.73070952768,1406
445.974454108495,0.933729448213161,353.149101006058,1407
410.972861989193,0.96734392044109,333.345368999427,1408
383.452799090768,0.956189060929114,311.078873096687,1409
361.668760089631,0.969233312965899,282.22807964315,1410
496.472336473173,0.935427513346932,406.50470225367,1411
380.294425231829,0.960781018591423,295.017915052162,1412
406.714115557447,0.929913580973852,346.762826230453,1413
429.623950760042,0.938187810478084,360.338778827291,1414
410.112304974542,0.965363074280033,335.009664841759,1415
469.967349819358,0.918877360501113,373.618905201956,1416
432.669158138343,0.959109807794397,346.303238503209,1417
344.45770175107,0.973759162996035,278.837952314126,1418
383.465426235187,0.963403341316731,312.869735613985,1419
376.881230449858,0.963695946385604,291.410904894253,1420
450.61142549388,0.92506188054582,378.897180235701,1421
438.719865561757,0.916053069022481,391.467238364416,1422
396.482798810805,0.949035352024906,301.119578691596,1423
595.593795750002,0.902460866099368,470.714549530797,1424
358.191879249196,0.97425669342386,296.302755830339,1425
439.583414245439,0.959099406543262,342.163872828135,1426
425.948229847128,0.951412012470977,351.266420908788,1427
407.700229803671,0.934215875048577,357.863247036234,1428
379.235281264567,0.962853560749779,299.251921201861,1429
445.062302319405,0.943757052716818,360.554652611403,1430
425.930739045676,0.936420957107814,344.415744949908,1431
373.403704355099,0.962478814210476,298.081466986689,1432
500.168390661063,0.93539507222667,409.323487978386,1433
404.252492953024,0.953439951701199,323.793505432052,1434
388.710422468838,0.95842211804388,301.693287639192,1435
709.015345058938,0.82996835119035,518.627192022765,1436
520.402750479905,0.949581503042325,421.176829053153,1437
341.832096677134,0.975431650401285,279.490491571119,1438
390.128222453007,0.954460135645261,306.168085683291,1439
376.384301217717,0.959171532016194,304.022506486517,1440
371.547269899284,0.947538554741871,306.602475482794,1441
421.733490798044,0.952262271279499,333.360288638385,1442
348.962245828702,0.978767913112229,273.219923973777,1443
451.974641892949,0.943518143305686,383.865892363538,1444
429.684997464614,0.947828506916286,345.348616347547,1445
468.75757669568,0.924572167328507,382.032532801862,1446
446.361294782535,0.953999241703252,356.803877015617,1447
359.140087762622,0.972484518358014,296.011272070192,1448
394.283487555784,0.958480460658093,316.698174076545,1449
405.138515858076,0.967177109290974,325.024795225153,1450
738.344459969255,0.806813288918829,586.053245551392,1451
470.054650033452,0.93066323675831,381.082259455249,1452
472.450295719807,0.921603946563786,399.133383361303,1453
401.224604206458,0.948472974731918,305.620418476147,1454
423.102785140977,0.938140211372232,358.429343045306,1455
404.64784155962,0.967354641699417,327.3505250659,1456
504.360668907737,0.93572432764526,412.171044420999,1457
362.149900412103,0.974239096741003,288.212526437214,1458
406.306639765976,0.970809110746613,327.598608248407,1459
508.772580267646,0.930971774549216,399.643464674958,1460
437.255376569187,0.95958079692262,341.74530325284,1461
401.986980796133,0.956741153384191,309.801091774666,1462
360.123007161884,0.971854029530412,291.806336326813,1463
502.717087517731,0.952562153433552,398.82616764307,1464
762.23659181642,0.82297636042929,595.878028274354,1465
375.314483226853,0.964251698357851,308.158213231195,1466
428.300191490739,0.936204445387291,362.071543415575,1467
407.456149097307,0.962891139887271,335.514775031666,1468
401.354236804225,0.947865484304446,321.332567293133,1469
401.225779435624,0.95503454894579,333.960915218548,1470
380.840150399793,0.972261678892537,306.180671913337,1471
391.325747656262,0.940657788315047,323.270182325694,1472
392.746388109779,0.96949103916263,319.1821213662,1473
379.53706005919,0.966609379772961,295.129807373933,1474
390.669829405667,0.959421773664429,312.168753384264,1475
432.069559548707,0.949095984339302,343.156338952798,1476
356.019135660515,0.949417185041355,278.699908962477,1477
480.041264304207,0.894017874835263,398.058947181227,1478
407.046108184769,0.969389068221924,328.638973597198,1479
444.143266787456,0.918231955010002,375.373316869584,1480
495.739117047773,0.943797293138281,400.698553211396,1481
402.951988968411,0.966765232789867,326.777981121488,1482
377.747616874027,0.96303205841556,313.482956365227,1483
435.468844849796,0.95103380597026,346.975946737785,1484
378.229781571292,0.971735143818964,311.682882094622,1485
428.670990703547,0.929704061951716,346.770038176843,1486
479.296318129205,0.9002717914532,395.804155295489,1487
365.161256832114,0.961766664205723,286.947122490856,1488
447.090390809491,0.915119197727593,382.133543036774,1489
375.311202092079,0.963477580055057,310.455522951425,1490
339.620533540659,0.948457342697394,278.021968802876,1491
442.418124963307,0.933528563156701,370.437271356444,1492
407.277456740551,0.933013834341754,331.912516140972,1493
431.022187435204,0.945209621978905,330.858507056618,1494
534.562314123796,0.905528903194501,424.03362629558,1495
370.78113536796,0.956341539325935,297.541123175707,1496
389.174224485418,0.954366545480134,310.717423182916,1497
390.633315055251,0.960219028436524,322.205917675034,1498
439.057345005239,0.934472647222275,354.295326257254,1499
408.629162906037,0.96005577992854,317.92175707443,1500
