"date","temp"
2013-01-02,-3.91993778043757
2013-01-03,-1.45640916332865
2013-01-04,-0.694651278969414
2013-01-05,-1.37635883644329
2013-01-06,-4.19586524312431
2013-01-07,-6.42275148202865
2013-01-08,-7.81010393133026
2013-01-09,-10.9632372866268
2013-01-10,-10.3422465029007
2013-01-11,-4.49243574166135
2013-01-12,-5.40937031878317
2013-01-13,-8.34715746761229
2013-01-14,-10.6185033018297
2013-01-15,-5.74465858626417
2013-01-16,-0.584317614571634
2013-01-17,-2.04803148287814
2013-01-18,-3.40798053293167
2013-01-19,-2.2419804101674
2013-01-20,-3.04449384133872
2013-01-21,-1.32553960235636
2013-01-22,-1.62262046999766
2013-01-23,-4.82282719306337
2013-01-24,-7.83578277919484
2013-01-25,-9.73695594417817
2013-01-26,-12.6473269855091
2013-01-27,-10.9312558122732
2013-01-28,-7.82914444126581
2013-01-29,-5.41311843900509
2013-01-30,-4.1824018226399
2013-01-31,-2.39723205040969
2013-02-01,-0.800731754038828
2013-02-02,-0.67525174870617
2013-02-03,0.697940486986771
2013-02-04,-1.70494543836979
2013-02-05,-1.49679218784997
2013-02-06,-0.438273067481729
2013-02-07,0.27730379637445
2013-02-08,0.304939776974293
2013-02-09,-0.773197449183137
2013-02-10,-1.87578184883428
2013-02-11,-1.37053396961613
2013-02-12,-2.22176802936425
2013-02-13,-1.62977606271225
2013-02-14,-1.63529549846869
2013-02-15,-2.53137647416279
2013-02-16,-3.74013028855314
2013-02-17,-5.01343487277157
2013-02-18,-5.90960338835909
2013-02-19,-5.13004796148924
2013-02-20,-2.54979479291165
2013-02-21,-2.44398927318681
2013-02-22,-2.20767814483341
2013-02-23,-2.92238677019806
2013-02-24,-3.59456599370822
2013-02-25,-2.409593053258
2013-02-26,-2.82798656729038
2013-02-27,-3.04933120701834
2013-02-28,-0.805830632207326
2013-03-01,0.407025955180467
2013-03-02,-0.790895016367051
2013-03-03,-0.350737260747007
2013-03-04,-3.20190287403328
2013-03-05,-5.15384511124571
2013-03-06,-1.07754642080094
2013-03-07,2.00703455736257
2013-03-08,0.0236887437681805
2013-03-09,-1.46308900459063
2013-03-10,0.249525615844039
2013-03-11,-0.330254229070047
2013-03-12,-2.29888565238121
2013-03-13,-0.015347811806116
2013-03-14,2.43171412548675
2013-03-15,3.16080249083089
2013-03-16,-3.19495799792835
2013-03-17,-4.96885311158601
2013-03-18,-3.78118340272149
2013-03-19,0.380727156875063
2013-03-20,1.7092094775391
2013-03-21,1.76387963728351
2013-03-22,0.976636872187789
2013-03-23,-3.51221190071924
2013-03-24,-6.74069809687197
2013-03-25,-6.01442021815939
2013-03-26,-5.25500775817761
2013-03-27,-4.41774093102502
2013-03-28,-4.49701281756788
2013-03-29,-2.85509990890322
2013-03-30,0.74008274837327
2013-03-31,4.1154332505333
2013-04-01,5.95101603439258
2013-04-02,4.12381833459449
2013-04-03,4.66563259907844
2013-04-04,6.09573345556371
2013-04-05,7.34367446000639
2013-04-06,6.0001977049796
2013-04-07,2.60231818928756
2013-04-08,1.76509711127506
2013-04-09,3.54688908267769
2013-04-10,5.0757357427866
2013-04-11,5.82618306295418
2013-04-12,7.67099795106185
2013-04-13,8.60063665012508
2013-04-14,8.56193221469731
2013-04-15,8.32540389660399
2013-04-16,8.54999561128499
2013-04-17,9.20613833710689
2013-04-18,10.9655932166888
2013-04-19,12.4590641660146
2013-04-20,13.2751801447538
2013-04-21,10.2671611402884
2013-04-22,8.00053465511775
2013-04-23,9.99399817339299
2013-04-24,12.6958325981255
2013-04-25,13.2949513721176
2013-04-26,13.4874899381021
2013-04-27,16.4953433388568
2013-04-28,16.5837300658674
2013-04-29,15.8412143982224
2013-04-30,18.162415638025
2013-05-01,17.5827324869743
2013-05-02,16.0767105145172
2013-05-03,18.4988618757032
2013-05-04,18.3722571815816
2013-05-05,17.2554445306529
2013-05-06,16.213777002792
2013-05-07,15.6489008158356
2013-05-08,16.6789877921398
2013-05-09,17.9175618350139
2013-05-10,18.729481352457
2013-05-11,18.948730847263
2013-05-12,18.8718357852232
2013-05-13,17.860607783785
2013-05-14,17.4586488400348
2013-05-15,18.7814588682108
2013-05-16,19.5198911655626
2013-05-17,19.9658018755297
2013-05-18,19.4538959313366
2013-05-19,20.1084044769521
2013-05-20,20.3226769585338
2013-05-21,18.8156171340994
2013-05-22,18.0012937160228
2013-05-23,18.3514381238055
2013-05-24,18.1157781997538
2013-05-25,16.2691026557386
2013-05-26,17.8202344427861
2013-05-27,16.3542626767719
2013-05-28,15.656509435994
2013-05-29,17.4294410329989
2013-05-30,19.3556913185372
2013-05-31,19.6425150596232
2013-06-01,17.5050986322219
2013-06-02,16.6840146930767
2013-06-03,17.1717128804383
2013-06-04,17.543476052275
2013-06-05,17.7436397757738
2013-06-06,18.3344225540236
2013-06-07,18.9047127145965
2013-06-08,20.0611814704172
2013-06-09,20.8690923571398
2013-06-10,21.4884058706714
2013-06-11,21.5729680077131
2013-06-12,20.8975656107634
2013-06-13,20.8080289112659
2013-06-14,22.5803460187308
2013-06-15,23.0131046020808
2013-06-16,22.1895002485675
2013-06-17,23.3889235997808
2013-06-18,21.6696887681314
2013-06-19,19.6633857399438
2013-06-20,20.4466219172664
2013-06-21,21.7319404854911
2013-06-22,22.7854356527913
2013-06-23,22.3209736945515
2013-06-24,22.0668921324116
2013-06-25,23.4549354271002
2013-06-26,23.4973981347898
2013-06-27,23.5623292857357
2013-06-28,24.2084953398786
2013-06-29,22.216273112155
2013-06-30,21.3471043889636
2013-07-01,19.6122074797048
2013-07-02,19.1438222541294
2013-07-03,20.7403775776367
2013-07-04,22.7284971376154
2013-07-05,23.7159301533566
2013-07-06,23.9133448463957
2013-07-07,24.3063432415553
2013-07-08,23.4931414116815
2013-07-09,22.4754024987859
2013-07-10,22.8871752949722
2013-07-11,23.315441003261
2013-07-12,22.65483200275
2013-07-13,21.5103841527784
2013-07-14,20.7780953729676
2013-07-15,19.6820417606211
2013-07-16,20.5481119253381
2013-07-17,20.7933913889952
2013-07-18,21.4578337168586
2013-07-19,22.5618260072709
2013-07-20,19.9329471319545
2013-07-21,17.4712505531638
2013-07-22,18.1799482970042
2013-07-23,17.49121279945
2013-07-24,18.8644352768902
2013-07-25,19.8204488994334
2013-07-26,20.2857775305782
2013-07-27,20.9552018479184
2013-07-28,22.2454438729894
2013-07-29,22.9505299401295
2013-07-30,21.9855986737176
2013-07-31,21.2585559515943
2013-08-01,22.0413013244608
2013-08-02,21.4523138665305
2013-08-03,18.8619748514372
2013-08-04,20.4397495952009
2013-08-05,22.0809558612187
2013-08-06,23.0492617611713
2013-08-07,23.5920070339995
2013-08-08,24.6049785965028
2013-08-09,24.6746550948307
2013-08-10,24.564041983716
2013-08-11,23.6149719406866
2013-08-12,23.8866098574222
2013-08-13,24.9668003137697
2013-08-14,23.7102348526696
2013-08-15,22.1986527841222
2013-08-16,21.3900414574195
2013-08-17,21.4673867529201
2013-08-18,21.9922498428661
2013-08-19,22.2859900390646
2013-08-20,22.1952179636143
2013-08-21,21.7389955114606
2013-08-22,21.553801309792
2013-08-23,21.551338583517
2013-08-24,20.3839718661239
2013-08-25,18.7740203886636
2013-08-26,17.6267681490361
2013-08-27,17.6061927844172
2013-08-28,18.9258731662274
2013-08-29,18.0223397029247
2013-08-30,17.8420593396018
2013-08-31,17.3198974823978
2013-09-01,17.6278041659579
2013-09-02,16.8067623181001
2013-09-03,15.2357784622215
2013-09-04,14.2589347834885
2013-09-05,13.3058161986752
2013-09-06,11.7571624685688
2013-09-07,13.846666235239
2013-09-08,14.5281703336194
2013-09-09,15.7630763706298
2013-09-10,16.1809126189532
2013-09-11,17.0612071845265
2013-09-12,17.1672736578868
2013-09-13,16.1040682388531
2013-09-14,15.0146091608206
2013-09-15,14.2652676504222
2013-09-16,15.044533400789
2013-09-17,16.3440348629028
2013-09-18,15.1349266697019
2013-09-19,12.8922854284682
2013-09-20,12.4248032520968
2013-09-21,12.6885684728191
2013-09-22,12.8381856134531
2013-09-23,11.6244881608655
2013-09-24,10.737614594959
2013-09-25,9.24359256536271
2013-09-26,9.74119408262578
2013-09-27,7.70758991927593
2013-09-28,7.00086297589839
2013-09-29,6.68883062202658
2013-09-30,6.51428296030872
2013-10-01,5.54673512830554
2013-10-02,4.49104296965464
2013-10-03,2.91630515766745
2013-10-04,2.67183814292683
2013-10-05,3.53998497562901
2013-10-06,5.08337279872111
2013-10-07,7.28132672508383
2013-10-08,8.94357379453145
2013-10-09,9.83702267826479
2013-10-10,9.80216634790371
2013-10-11,11.097515893658
2013-10-12,11.1804525316034
2013-10-13,10.8788400572162
2013-10-14,11.3073446786888
2013-10-15,11.644810742639
2013-10-16,11.239823746215
2013-10-17,10.5963121866795
2013-10-18,9.99159306845384
2013-10-19,5.96080316702839
2013-10-20,5.6385167359211
2013-10-21,9.55585730542561
2013-10-22,9.71543566855075
2013-10-23,6.87983469744045
2013-10-24,7.86776521321701
2013-10-25,9.16307319506497
2013-10-26,9.7161221068226
2013-10-27,11.3737520528656
2013-10-28,11.8306121412198
2013-10-29,12.9767004281867
2013-10-30,11.6232141622832
2013-10-31,7.78787641490388
2013-11-01,7.17590446679514
2013-11-02,8.59639936734753
2013-11-03,10.2497150966277
2013-11-04,9.88700049370083
2013-11-05,11.6627815365712
2013-11-06,10.4795281183286
2013-11-07,7.33166109670077
2013-11-08,8.32112022282879
2013-11-09,8.89695978428387
2013-11-10,7.74869711957874
2013-11-11,6.78294847968013
2013-11-12,5.70829296286946
2013-11-13,5.08646981520667
2013-11-14,3.10100888179803
2013-11-15,1.81117939321205
2013-11-16,1.81617436245328
2013-11-17,3.03948227227726
2013-11-18,2.27684257711544
2013-11-19,2.06275518538369
2013-11-20,3.94815190501302
2013-11-21,5.7913250906659
2013-11-22,5.79138570814254
2013-11-23,5.2605866492544
2013-11-24,4.81638586339348
2013-11-25,4.52641355112841
2013-11-26,0.452201477062098
2013-11-27,-2.17962791032163
2013-11-28,-0.774368296807453
2013-11-29,0.636210816874856
2013-11-30,0.173943579683232
2013-12-01,0.605152293160175
2013-12-02,-0.348658819175241
2013-12-03,-3.0056749953623
2013-12-04,-1.58432408671036
2013-12-05,-0.54564511980098
2013-12-06,-0.37815952611309
2013-12-07,-0.761699358783338
2013-12-08,-2.13070457352755
2013-12-09,-2.25664812129863
2013-12-10,-7.15411318611724
2013-12-11,-7.22281363121239
2013-12-12,-4.44779273978749
2013-12-13,-2.79671095617219
2013-12-14,-3.21073163398071
2013-12-15,-5.0276460751221
2013-12-16,-3.6136362693505
2013-12-17,-2.45413320255462
2013-12-18,-2.24095718551111
2013-12-19,-2.82749405653898
2013-12-20,-2.35590530185706
2013-12-21,-0.867421092297036
2013-12-22,-1.19551726820635
2013-12-23,0.156677726697729
2013-12-24,0.357332615661027
2013-12-25,0.365926139301616
2013-12-26,-0.0170457052087663
2013-12-27,0.0150543795574887
2013-12-28,0.213112714904585
2013-12-29,-0.701842459465315
2013-12-30,-1.1951188994288
2013-12-31,-1.57101972639308
2014-01-01,-1.84784844008537
2014-01-02,-1.43207323979666
2014-01-03,-1.12855564207209
2014-01-04,-0.20391980980626
2014-01-05,0.721546759706487
2014-01-06,1.31786692274642
2014-01-07,0.947341299400047
2014-01-08,1.13832744454901
2014-01-09,2.03504408181849
2014-01-10,1.89076338082526
2014-01-11,1.76776640205244
2014-01-12,1.09484638259491
2014-01-13,-0.965972296706696
2014-01-14,-2.96385115959476
2014-01-15,-0.634740914421623
2014-01-16,-0.56017990587673
2014-01-17,-1.97804961413207
2014-01-18,-0.748851370619907
2014-01-19,-6.30393676879249
2014-01-20,-8.46267527389457
2014-01-21,-7.58640596494677
2014-01-22,-8.4556111184817
2014-01-23,-11.1712790941014
2014-01-24,-13.8890460098031
2014-01-25,-13.9278672154057
2014-01-26,-14.0822278113085
2014-01-27,-12.8425810221256
2014-01-28,-12.0572529351128
2014-01-29,-15.9215800949862
2014-01-30,-21.2828833880229
2014-01-31,-20.3612050319127
2014-02-01,-17.1116177024947
2014-02-02,-13.4584940071646
2014-02-03,-12.6883088264963
2014-02-04,-11.1988262378968
2014-02-05,-7.95486916120316
2014-02-06,-5.81232344835041
2014-02-07,-3.33366160203151
2014-02-08,-1.38716789616863
2014-02-09,0.231664213759504
2014-02-10,0.699513861751127
2014-02-11,0.801034934418677
2014-02-12,2.08608132103319
2014-02-13,1.84962845960946
2014-02-14,1.45706922387646
2014-02-15,0.792783491468717
2014-02-16,1.22956022809726
2014-02-17,1.40654356042718
2014-02-18,1.60692241068985
2014-02-19,2.59058770269126
2014-02-20,2.64782165183396
2014-02-21,2.61795954093153
2014-02-22,2.13476156008223
2014-02-23,0.23166209796303
2014-02-24,-0.526232642766101
2014-02-25,-1.2862754674189
2014-02-26,-1.05954873032876
2014-02-27,-0.042754790931762
2014-02-28,0.282842800483676
2014-03-01,0.807720748065371
2014-03-02,2.29852957988582
2014-03-03,2.06317604985705
2014-03-04,3.16345452269316
2014-03-05,3.41489958695865
2014-03-06,3.33119141463029
2014-03-07,2.58069190980108
2014-03-08,2.144439639975
2014-03-09,2.06457677799934
2014-03-10,2.48296750097182
2014-03-11,4.30234885759404
2014-03-12,2.99066184533134
2014-03-13,4.6908698053954
2014-03-14,6.56536347672912
2014-03-15,6.9176651432999
2014-03-16,2.89005473646606
2014-03-17,2.77782678824051
2014-03-18,4.46416428531694
2014-03-19,6.16951845641874
2014-03-20,6.69381064748102
2014-03-21,6.21979983570446
2014-03-22,8.37346952942069
2014-03-23,8.62809225619311
2014-03-24,9.6497667743708
2014-03-25,8.94708524592001
2014-03-26,9.16151267199152
2014-03-27,8.07203132713094
2014-03-28,7.23744076200461
2014-03-29,1.49881689861593
2014-03-30,3.76411148199022
2014-03-31,7.27282318795588
2014-04-01,3.10855762340703
2014-04-02,1.18999221200621
2014-04-03,4.81955566410363
2014-04-04,5.64552734583301
2014-04-05,3.25004774804322
2014-04-06,4.49746726316352
2014-04-07,7.23106808755042
2014-04-08,10.5758180880388
2014-04-09,11.0781297442655
2014-04-10,7.30936332059363
2014-04-11,4.28392238503889
2014-04-12,4.95218818509897
2014-04-13,5.88553562949385
2014-04-14,8.06506590078192
2014-04-15,8.38903786889259
2014-04-16,9.56011151225313
2014-04-17,11.1376022686572
2014-04-18,13.9846996740814
2014-04-19,13.6171691346716
2014-04-20,12.9194063309861
2014-04-21,13.3180496077015
2014-04-22,14.3340213194749
2014-04-23,15.1707037390501
2014-04-24,13.5951100453163
2014-04-25,11.0442452104273
2014-04-26,12.6782288168994
2014-04-27,13.5304028886001
2014-04-28,13.721891115167
2014-04-29,14.1693350811332
2014-04-30,14.5207378302666
2014-05-01,15.4701945221789
2014-05-02,14.4022566793325
2014-05-03,13.0538691010835
2014-05-04,12.7924371080675
2014-05-05,9.87706320925026
2014-05-06,8.68187044612868
2014-05-07,11.7840274099505
2014-05-08,12.9207686216236
2014-05-09,14.7307989921209
2014-05-10,15.2286016160613
2014-05-11,15.7589402824209
2014-05-12,14.9858648662594
2014-05-13,14.5103476705079
2014-05-14,15.864020724546
2014-05-15,17.2262032888764
2014-05-16,19.4688604800168
2014-05-17,19.6807830197489
2014-05-18,18.917374232885
2014-05-19,19.4614908275435
2014-05-20,19.2051395952374
2014-05-21,19.8277493908371
2014-05-22,20.7395735109356
2014-05-23,21.1210965390325
2014-05-24,21.7738524228721
2014-05-25,22.9369759540394
2014-05-26,22.9684733839556
2014-05-27,22.1913321925677
2014-05-28,21.2500469375962
2014-05-29,19.8324207397865
2014-05-30,17.9324481522846
2014-05-31,16.8805521136282
2014-06-01,17.4331689580805
2014-06-02,17.2308016198649
2014-06-03,18.3689290382192
2014-06-04,18.7324348652247
2014-06-05,20.0699215819347
2014-06-06,22.615136251603
2014-06-07,23.0617632595626
2014-06-08,23.2482342919876
2014-06-09,22.527613445131
2014-06-10,21.2978695118386
2014-06-11,18.9728001235111
2014-06-12,19.4070915171381
2014-06-13,18.6528991362947
2014-06-14,16.920970299435
2014-06-15,16.6748478903142
2014-06-16,17.3741435636068
2014-06-17,17.5610066281633
2014-06-18,16.3582267533785
2014-06-19,17.9720383250481
2014-06-20,17.8327522140895
2014-06-21,16.7852344817628
2014-06-22,16.9170128651771
2014-06-23,17.0164448248961
2014-06-24,17.9422331553912
2014-06-25,17.9149389086392
2014-06-26,16.2293729263757
2014-06-27,15.4218646595203
2014-06-28,17.1179184368883
2014-06-29,19.3932131826464
2014-06-30,20.9669031264441
2014-07-01,20.6351753034166
2014-07-02,20.3708477292379
2014-07-03,19.2615908084163
2014-07-04,20.1856169191399
2014-07-05,21.5809169816468
2014-07-06,22.3188748447392
2014-07-07,21.773825711838
2014-07-08,22.0691833869145
2014-07-09,21.2832466488217
2014-07-10,21.2158435073254
2014-07-11,22.3879666063558
2014-07-12,23.2193230603717
2014-07-13,22.6194740836783
2014-07-14,22.3383886701712
2014-07-15,23.10690239116
2014-07-16,24.3739694767954
2014-07-17,23.9041912530251
2014-07-18,22.8385495025044
2014-07-19,22.4914999124553
2014-07-20,22.871709027835
2014-07-21,22.7175908974765
2014-07-22,21.1857743517743
2014-07-23,21.1197201831647
2014-07-24,22.3521296857832
2014-07-25,23.4809778042271
2014-07-26,23.7957504413024
2014-07-27,23.9164390983688
2014-07-28,23.7715575812458
2014-07-29,23.9651133445448
2014-07-30,24.9937416078287
2014-07-31,25.4687031431089
2014-08-01,25.5438069897868
2014-08-02,26.3806305863831
2014-08-03,26.9700001212646
2014-08-04,26.9715016324458
2014-08-05,24.9924317080997
2014-08-06,24.3354880425586
2014-08-07,24.805747992714
2014-08-08,25.0235136678058
2014-08-09,25.0568361171068
2014-08-10,25.4047550698028
2014-08-11,25.9644436807319
2014-08-12,25.2497144616168
2014-08-13,25.7191504560713
2014-08-14,27.5485946218151
2014-08-15,25.2488641470626
2014-08-16,22.7922305312527
2014-08-17,20.3065789373151
2014-08-18,18.9380224502549
2014-08-19,20.9874466471606
2014-08-20,22.275884472527
2014-08-21,21.8603506095135
2014-08-22,19.3246132453613
2014-08-23,19.0689075194224
2014-08-24,18.5025611119392
2014-08-25,17.6356259684497
2014-08-26,17.5164532776715
2014-08-27,19.0770771176993
2014-08-28,16.6673991181758
2014-08-29,16.5555941354611
2014-08-30,17.8853216790143
2014-08-31,19.3943888538427
2014-09-01,20.3465993674832
2014-09-02,21.2598341809899
2014-09-03,21.0603643185891
2014-09-04,18.5910638022109
2014-09-05,16.9302326317949
2014-09-06,18.0414196070759
2014-09-07,19.1331934815942
2014-09-08,19.463860410691
2014-09-09,19.6282955420167
2014-09-10,18.6688027550786
2014-09-11,18.8887633698065
2014-09-12,19.1382134167045
2014-09-13,19.1962659087874
2014-09-14,19.099661198738
2014-09-15,16.4432163607084
2014-09-16,14.5133024596686
2014-09-17,14.0696840888105
2014-09-18,12.958337448238
2014-09-19,13.1401600146592
2014-09-20,13.9945405571575
2014-09-21,14.0869704197744
2014-09-22,14.0791153585051
2014-09-23,13.0198851256152
2014-09-24,8.36237632422015
2014-09-25,9.37339339946282
2014-09-26,10.9982240616547
2014-09-27,12.2046557440014
2014-09-28,11.7720868611255
2014-09-29,12.6124322374509
2014-09-30,14.1766023529035
2014-10-01,11.2084420992186
2014-10-02,7.81230651687537
2014-10-03,7.94317714555124
2014-10-04,8.37819594897812
2014-10-05,8.58514456761286
2014-10-06,8.18338269587675
2014-10-07,7.39851771470509
2014-10-08,8.22258442293472
2014-10-09,9.91095084563096
2014-10-10,11.2719637977168
2014-10-11,12.2742792775103
2014-10-12,12.8829524106221
2014-10-13,13.360748976621
2014-10-14,13.9095295288038
2014-10-15,14.0714913689536
2014-10-16,13.4860165327262
2014-10-17,12.0258974174295
2014-10-18,6.05508162175252
2014-10-19,3.95097859338257
2014-10-20,9.655744367654
2014-10-21,10.7969910396157
2014-10-22,9.66596676677932
2014-10-23,4.34366370099181
2014-10-24,-1.72840101750213
2014-10-25,-2.57120602513482
2014-10-26,-1.83632087343971
2014-10-27,-0.516090784477933
2014-10-28,0.789744709588607
2014-10-29,2.03588132226344
2014-10-30,3.33853327030938
2014-10-31,3.52524380698291
2014-11-01,2.58949825337594
2014-11-02,0.791247887679323
2014-11-03,0.977555899439542
2014-11-04,3.24729668113803
2014-11-05,4.73729976023539
2014-11-06,6.07007553713195
2014-11-07,7.42533963995816
2014-11-08,9.0224229346843
2014-11-09,7.57230616791389
2014-11-10,6.35646851689305
2014-11-11,5.71049234764847
2014-11-12,5.60494128682121
2014-11-13,5.3954608835945
2014-11-14,4.28275818941118
2014-11-15,3.6918463484798
2014-11-16,2.59448252986065
2014-11-17,0.406017165172599
2014-11-18,-0.218009223268072
2014-11-19,0.796895373072557
2014-11-20,0.670822837238172
2014-11-21,-2.03485392926994
2014-11-22,-3.74042396865709
2014-11-23,-3.77566913586223
2014-11-24,-4.1128847215442
2014-11-25,-5.21448724570569
2014-11-26,-5.97314599431206
2014-11-27,-5.20907730039308
2014-11-28,-4.49119742433748
2014-11-29,-4.93754244653484
2014-11-30,-6.13934499309833
2014-12-01,-8.66986841184355
2014-12-02,-8.1811599851877
2014-12-03,-8.12433438238211
2014-12-04,-7.69907368355161
2014-12-05,-6.91112852495424
2014-12-06,-4.93094000071398
2014-12-07,-4.23040459174651
2014-12-08,-2.36097545770172
2014-12-09,-1.30850998463993
2014-12-10,-1.22177203566237
2014-12-11,-1.0190365291735
2014-12-12,-1.03368033981248
2014-12-13,-1.37538126026668
2014-12-14,-0.706540218502515
2014-12-15,-0.731458191847899
2014-12-16,-0.401879384208063
2014-12-17,1.10388579256706
2014-12-18,-0.204806184348894
2014-12-19,0.66306880908186
2014-12-20,1.87487747638687
2014-12-21,0.537735366195056
2014-12-22,0.674405703223927
2014-12-23,3.88804533940913
2014-12-24,3.89758292324775
2014-12-25,2.3197037779455
2014-12-26,-1.92290223617553
2014-12-27,-4.33872310836221
2014-12-28,-5.8652744001581
2014-12-29,-6.83297201063841
2014-12-30,-9.93482522057987
2014-12-31,-13.5508618539084
2015-01-01,-7.32416972686953
2015-01-02,-2.13072026978721
2015-01-03,-0.103210332328571
2015-01-04,-1.20904020244095
2015-01-05,-3.05304193017446
2015-01-06,-10.0793659722859
2015-01-07,-17.3504808848549
2015-01-08,-17.5412410056175
2015-01-09,-7.57249228626682
2015-01-10,-0.64064513166465
2015-01-11,0.671231707163612
2015-01-12,-0.513928657321775
2015-01-13,-0.874304444300024
2015-01-14,-0.768197800309935
2015-01-15,-1.04061292320971
2015-01-16,-2.37209901840387
2015-01-17,-1.88287748782956
2015-01-18,-0.215791171015464
2015-01-19,-0.0506172260698669
2015-01-20,-0.326076902307862
2015-01-21,-0.51986084858494
2015-01-22,-0.301777204241585
2015-01-23,-0.446276066277195
2015-01-24,-3.443186032192
2015-01-25,-4.03012924805667
2015-01-26,-3.30035321588964
2015-01-27,-2.80149748233643
2015-01-28,-2.51497517318363
2015-01-29,-1.82946441942881
2015-01-30,0.75228988419901
2015-01-31,2.05599380174099
2015-02-01,1.20154978213123
2015-02-02,0.371446584042548
2015-02-03,-0.395589176579671
2015-02-04,-1.41452979096247
2015-02-05,-1.03877423359819
2015-02-06,-4.25194630844029
2015-02-07,-4.9044141517667
2015-02-08,-2.60001113426988
2015-02-09,-4.70706142294526
2015-02-10,-6.85149833550935
2015-02-11,-5.39414131945645
2015-02-12,-3.48542048732118
2015-02-13,-2.84139392205467
2015-02-14,-2.85028877619839
2015-02-15,-2.89823894681058
2015-02-16,-6.66110749088794
2015-02-17,-9.34515408101834
2015-02-18,-7.33448318269731
2015-02-19,-2.7706453394438
2015-02-20,-1.27342134049112
2015-02-21,-0.648845238571404
2015-02-22,0.501640624455576
2015-02-23,1.73400402369988
2015-02-24,2.09590951606309
2015-02-25,1.59851923552419
2015-02-26,1.88481696790701
2015-02-27,3.25542021474105
2015-02-28,2.53231896968665
2015-03-01,1.88028780482362
2015-03-02,2.22577090803325
2015-03-03,2.06047468060012
2015-03-04,1.40477365401576
2015-03-05,0.629433785754499
2015-03-06,0.261573605339743
2015-03-07,0.378624893338899
2015-03-08,1.30544909671479
2015-03-09,3.10653121654137
2015-03-10,4.51709529963706
2015-03-11,5.36776084292402
2015-03-12,4.2153435165216
2015-03-13,2.1601261253281
2015-03-14,3.46780749266497
2015-03-15,3.16995006427005
2015-03-16,2.57506325459807
2015-03-17,0.939402897411951
2015-03-18,1.16965790722085
2015-03-19,2.3032965195417
2015-03-20,3.33688782911259
2015-03-21,4.58623819631483
2015-03-22,3.25695322270553
2015-03-23,-0.732538669790862
2015-03-24,2.2795320711991
2015-03-25,5.22133652680908
2015-03-26,6.66607852534352
2015-03-27,9.04666772184291
2015-03-28,6.2816826495077
2015-03-29,2.39696744490639
2015-03-30,4.7216558016705
2015-03-31,4.56526526229221
2015-04-01,4.8861170685605
2015-04-02,3.2999069416536
2015-04-03,2.70676398757715
2015-04-04,2.02081033038216
2015-04-05,2.45045827447459
2015-04-06,3.56752192369694
2015-04-07,3.6168159001975
2015-04-08,5.11199283007104
2015-04-09,4.5973364469767
2015-04-10,7.36104949924951
2015-04-11,10.9029249427657
2015-04-12,12.2421907303668
2015-04-13,10.908123185223
2015-04-14,6.18983699673206
2015-04-15,6.99310336654646
2015-04-16,11.9881992255194
2015-04-17,10.5824428144562
2015-04-18,7.14175825522151
2015-04-19,5.11565877387201
2015-04-20,3.67536641913129
2015-04-21,3.28545098310075
2015-04-22,4.85461174083853
2015-04-23,8.75938835393612
2015-04-24,12.5682727041416
2015-04-25,13.5960312413068
2015-04-26,14.0328964244719
2015-04-27,14.7316494275029
2015-04-28,15.3778143281646
2015-04-29,12.9426341408038
2015-04-30,12.2600770299535
2015-05-01,13.3250562540857
2015-05-02,12.9679709823979
2015-05-03,11.4460129793465
2015-05-04,11.8411226547425
2015-05-05,13.2959975876692
2015-05-06,14.1531888356782
2015-05-07,13.3783524314868
2015-05-08,12.854996208598
2015-05-09,12.7657232082886
2015-05-10,14.559154717521
2015-05-11,14.2803556439323
2015-05-12,15.3694800810523
2015-05-13,15.6867774918918
2015-05-14,14.7242582847772
2015-05-15,12.3930291053073
2015-05-16,12.1907785919215
2015-05-17,13.0415076586028
2015-05-18,12.5225818858893
2015-05-19,15.4191727606488
2015-05-20,18.4204763027344
2015-05-21,18.7063005722851
2015-05-22,18.9563307561801
2015-05-23,19.3621445651761
2015-05-24,19.2814299557543
2015-05-25,19.5088117770803
2015-05-26,20.0959943509882
2015-05-27,18.0186951784101
2015-05-28,15.6617281851701
2015-05-29,15.4616387157845
2015-05-30,16.6125176675595
2015-05-31,17.4691035381829
2015-06-01,18.5969387875658
2015-06-02,19.8884629211613
2015-06-03,21.6335491829421
2015-06-04,20.7715342567502
2015-06-05,18.0752745918836
2015-06-06,18.1685888433192
2015-06-07,20.4812830242192
2015-06-08,21.9675674684069
2015-06-09,22.0470617166298
2015-06-10,21.4670450785114
2015-06-11,20.6445142934582
2015-06-12,21.0743731430915
2015-06-13,22.8320376735823
2015-06-14,24.3080077400835
2015-06-15,23.5714399678192
2015-06-16,21.0079842052631
2015-06-17,19.0136822457338
2015-06-18,17.5801950769454
2015-06-19,18.6753919739523
2015-06-20,18.1466296064639
2015-06-21,18.8501520679149
2015-06-22,19.3656736460756
2015-06-23,20.6551467670672
2015-06-24,21.1907280003397
2015-06-25,20.9302749923065
2015-06-26,19.816046425501
2015-06-27,18.7780675032986
2015-06-28,18.3979695380067
2015-06-29,18.9505628000146
2015-06-30,19.4337092012375
2015-07-01,20.1293259356599
2015-07-02,20.1697347708868
2015-07-03,21.5908739601216
2015-07-04,21.9421851663244
2015-07-05,23.7868198259104
2015-07-06,25.15720159055
2015-07-07,25.0884440929313
2015-07-08,26.4247061910093
2015-07-09,24.8469283616859
2015-07-10,20.6478430824006
2015-07-11,16.8950510581003
2015-07-12,17.9689306400068
2015-07-13,18.6269906122888
2015-07-14,18.7516099808333
2015-07-15,19.2661330524733
2015-07-16,19.5756517733111
2015-07-17,21.4880231505254
2015-07-18,21.3154699890609
2015-07-19,23.2566244096158
2015-07-20,23.5851446886427
2015-07-21,20.9938743859805
2015-07-22,23.0089175484899
2015-07-23,25.4082425296667
2015-07-24,25.6264253082781
2015-07-25,27.5690291465236
2015-07-26,26.7212474351849
2015-07-27,24.2014613231674
2015-07-28,22.5056501922089
2015-07-29,22.671513416338
2015-07-30,23.3679867289491
2015-07-31,22.693168430539
2015-08-01,20.8542558078703
2015-08-02,22.3741975236399
2015-08-03,23.7202119449259
2015-08-04,24.9699820818305
2015-08-05,25.6215715970057
2015-08-06,25.3445752082734
2015-08-07,24.0860341932795
2015-08-08,24.5364320700966
2015-08-09,26.2133433775076
2015-08-10,27.2973284415331
2015-08-11,28.0020822003335
2015-08-12,27.8113029535873
2015-08-13,26.9055673481477
2015-08-14,25.227404657963
2015-08-15,24.425473955999
2015-08-16,23.7834091549745
2015-08-17,20.9618737162849
2015-08-18,17.9969517188623
2015-08-19,17.2650435707842
2015-08-20,17.3628984207293
2015-08-21,17.7701914077005
2015-08-22,19.778632824928
2015-08-23,21.1163114797635
2015-08-24,21.9545706720575
2015-08-25,20.932758760784
2015-08-26,20.9096497300735
2015-08-27,21.6356466891812
2015-08-28,23.7256698716386
2015-08-29,24.4073626414255
2015-08-30,21.8370448127353
2015-08-31,23.768128468872
2015-09-01,25.5681745914547
2015-09-02,26.6133066909406
2015-09-03,23.919853574806
2015-09-04,23.8203415527499
2015-09-05,21.7507447681234
2015-09-06,20.0917900065195
2015-09-07,16.3085038433111
2015-09-08,14.8248920223886
2015-09-09,14.9636708141224
2015-09-10,15.787572556917
2015-09-11,15.93789640562
2015-09-12,15.7019743591231
2015-09-13,15.0178123565092
2015-09-14,14.9217436647447
2015-09-15,16.4958288498793
2015-09-16,18.8202338744908
2015-09-17,20.2595629921729
2015-09-18,21.1197872467141
2015-09-19,21.234066709651
2015-09-20,19.5994435969394
2015-09-21,17.9426630387589
2015-09-22,17.9968527048782
2015-09-23,21.1504534277122
2015-09-24,21.6581145245437
2015-09-25,20.3919992624159
2015-09-26,19.6929419440687
2015-09-27,17.851549208598
2015-09-28,15.6693281460845
2015-09-29,13.816288541853
2015-09-30,12.7792590049506
2015-10-01,11.5166846682463
2015-10-02,12.2522407929064
2015-10-03,13.2790819572892
2015-10-04,14.9732493398809
2015-10-05,15.7772289732815
2015-10-06,14.8581654369151
2015-10-07,7.117546570491
2015-10-08,4.36740376562618
2015-10-09,3.80112475408316
2015-10-10,3.15285044452361
2015-10-11,3.88044482155602
2015-10-12,4.11506408243302
2015-10-13,3.94902546552301
2015-10-14,4.55191621912885
2015-10-15,5.02066422219789
2015-10-16,5.97645279070826
2015-10-17,6.92217374052041
2015-10-18,8.73921253298342
2015-10-19,9.48021211688626
2015-10-20,8.54323916698136
2015-10-21,5.53200288194272
2015-10-22,5.19518643631455
2015-10-23,6.43898120234795
2015-10-24,7.15590774600291
2015-10-25,7.30419115057869
2015-10-26,6.84289592795296
2015-10-27,4.71511368674094
2015-10-28,3.68139525467358
2015-10-29,1.93500132807037
2015-10-30,2.10157334529388
2015-10-31,1.42313730228322
2015-11-01,2.73597579710749
2015-11-02,5.03340579591448
2015-11-03,5.38962854928086
2015-11-04,4.95407255260419
2015-11-05,3.18379323459079
2015-11-06,3.0475232717831
2015-11-07,3.09318751643451
2015-11-08,4.74382907705123
2015-11-09,5.56476241210117
2015-11-10,7.28240780258936
2015-11-11,9.01551170662733
2015-11-12,8.77917141699332
2015-11-13,6.92626118094303
2015-11-14,5.39468258009775
2015-11-15,4.11495973892715
2015-11-16,2.47018777374451
2015-11-17,1.89725911520932
2015-11-18,4.87388358798077
2015-11-19,6.74628822618053
2015-11-20,7.11471939673421
2015-11-21,6.17797596633194
2015-11-22,7.39072101814439
2015-11-23,4.60964659357746
2015-11-24,1.17790237062716
2015-11-25,-0.252582512567843
2015-11-26,-1.24830504353176
2015-11-27,-2.20460948569222
2015-11-28,-1.12780495529168
2015-11-29,0.559744546348983
2015-11-30,1.09263784965734
2015-12-01,1.23232999528464
2015-12-02,0.449731059238038
2015-12-03,-0.25421304029028
2015-12-04,-1.14971467910521
2015-12-05,0.718163756124148
2015-12-06,1.86450389529648
2015-12-07,2.69781032308983
2015-12-08,0.849715408689718
2015-12-09,-1.85184477466495
2015-12-10,-0.836174857273421
2015-12-11,-1.37205688049781
2015-12-12,-1.00545951648903
2015-12-13,0.470017485784892
2015-12-14,0.413095982833704
2015-12-15,-1.77280344860954
2015-12-16,-3.23853693131398
2015-12-17,-2.63621184271335
2015-12-18,-0.314565263725515
2015-12-19,1.76484339968668
2015-12-20,2.24768713298646
2015-12-21,2.37035527273129
2015-12-22,3.17407070768412
2015-12-23,4.58607824815343
2015-12-24,3.61777659012009
2015-12-25,1.013556792649
2015-12-26,3.58455101333395
2015-12-27,3.06833686035582
2015-12-28,-0.0186851083838439
2015-12-29,-5.42383376218267
2015-12-30,-7.38456963276448
2015-12-31,-8.722398977774
2016-01-01,-10.1645125778934
2016-01-02,-12.0758064359544
2016-01-03,-13.3815519337406
2016-01-04,-13.7370732711373
2016-01-05,-10.6852620500636
2016-01-06,-7.41096866270713
2016-01-07,-4.73173349053959
2016-01-08,-3.64949787076985
2016-01-09,-4.83839365649448
2016-01-10,-4.43604460916988
2016-01-11,-3.58868698105581
2016-01-12,0.300085269086701
2016-01-13,-1.24981929575978
2016-01-14,-3.79016898158598
2016-01-15,-5.59193683542101
2016-01-16,-3.18840272091398
2016-01-17,-6.753420953073
2016-01-18,-6.87797696827272
2016-01-19,-8.09301904781829
2016-01-20,-9.5527236201879
2016-01-21,-8.66315777223532
2016-01-22,-10.8065018453252
2016-01-23,-12.5631476957696
2016-01-24,-14.0733759701812
2016-01-25,-10.9358472331251
2016-01-26,-7.85313267258129
2016-01-27,-2.68287517190287
2016-01-28,0.64940026672407
2016-01-29,-0.366838983321801
2016-01-30,-0.396192644053998
2016-01-31,0.569154994844846
2016-02-01,-0.663477250088623
2016-02-02,0.777052207061646
2016-02-03,2.26498596552584
2016-02-04,0.459110629866289
2016-02-05,-1.04945417332853
2016-02-06,-2.3527551317639
2016-02-07,-3.10937426861073
2016-02-08,-1.55389723636611
2016-02-09,0.330752854945618
2016-02-10,1.83784363912243
2016-02-11,0.902925755926873
2016-02-12,0.523498287653498
2016-02-13,0.995170536841128
2016-02-14,2.4821088236911
2016-02-15,4.4495071868731
2016-02-16,4.9113520673255
2016-02-17,-0.0641527356175213
2016-02-18,-0.967976366377434
2016-02-19,-0.92088283744044
2016-02-20,-2.07307544350732
2016-02-21,-0.837846909362868
2016-02-22,3.3822630088833
2016-02-23,4.35350339294924
2016-02-24,2.45983951580516
2016-02-25,0.853686350056542
2016-02-26,1.08689341540552
2016-02-27,1.34844385280419
2016-02-28,2.0583352629107
2016-02-29,3.81990857071966
2016-03-01,4.81366433271417
2016-03-02,3.37500701203131
2016-03-03,3.18184783846446
2016-03-04,2.86470828240484
2016-03-05,3.27838591567703
2016-03-06,4.46513175384072
2016-03-07,6.38406586507898
2016-03-08,6.16975290178716
2016-03-09,5.44516014765272
2016-03-10,5.10458307430079
2016-03-11,4.31620849863427
2016-03-12,4.83210443820723
2016-03-13,3.160231937739
2016-03-14,1.11070353171664
2016-03-15,-0.143955684042164
2016-03-16,1.06811428750405
2016-03-17,3.01308269504668
2016-03-18,5.00268862841214
2016-03-19,-1.50828314206347
2016-03-20,0.00508174720411811
2016-03-21,1.46892776824583
2016-03-22,3.1471076426928
2016-03-23,3.58597209610399
2016-03-24,2.68739982457577
2016-03-25,1.76530896618887
2016-03-26,2.23849589334457
2016-03-27,2.87031985949956
2016-03-28,3.70061785788435
2016-03-29,5.28345639123953
2016-03-30,6.570801676912
2016-03-31,8.7794557749864
2016-04-01,9.85933786700759
2016-04-02,4.4451054834979
2016-04-03,6.04892437515594
2016-04-04,8.74780123160487
2016-04-05,10.4954071298161
2016-04-06,11.4837744582046
2016-04-07,12.3618368104367
2016-04-08,14.8339129596348
2016-04-09,14.3870952694584
2016-04-10,13.4665392419819
2016-04-11,13.9484622060842
2016-04-12,14.0619165880021
2016-04-13,13.4988026400217
2016-04-14,13.5435230336113
2016-04-15,10.2485697835144
2016-04-16,10.9914362270724
2016-04-17,14.689975052339
2016-04-18,14.8769811218063
2016-04-19,12.1735268687851
2016-04-20,8.92133375293501
2016-04-21,6.45031948435024
2016-04-22,8.95096718355599
2016-04-23,9.5826446457019
2016-04-24,11.0979506620457
2016-04-25,10.6520294827705
2016-04-26,9.26949621383007
2016-04-27,10.2928989569608
2016-04-28,11.085849773886
2016-04-29,12.1911202519754
2016-04-30,12.7312702873861
2016-05-01,12.6710482304737
2016-05-02,13.0784168012877
2016-05-03,13.0783729806254
2016-05-04,13.3212394626747
2016-05-05,13.6272651214556
2016-05-06,12.1920480819812
2016-05-07,12.2119636487301
2016-05-08,13.7348648738756
2016-05-09,15.2019412030772
2016-05-10,15.890488971161
2016-05-11,15.9161067481055
2016-05-12,14.9762469862761
2016-05-13,15.3080267126288
2016-05-14,14.7347222661139
2016-05-15,14.1752973247132
2016-05-16,13.170653782916
2016-05-17,12.1828583496396
2016-05-18,11.4328185314242
2016-05-19,11.1430317719507
2016-05-20,12.4990843337408
2016-05-21,15.0843423338859
2016-05-22,16.5313080577865
2016-05-23,16.7350844516623
2016-05-24,16.3207975385326
2016-05-25,16.2637608739061
2016-05-26,17.1583573953902
2016-05-27,18.2957078873517
2016-05-28,19.1044632509291
2016-05-29,19.5747516719326
2016-05-30,19.4977534300776
2016-05-31,19.352352666062
2016-06-01,18.1666750723835
2016-06-02,16.3927935674828
2016-06-03,16.6978960660854
2016-06-04,18.2268194419275
2016-06-05,18.6247773199126
2016-06-06,15.2574513590068
2016-06-07,12.4111595175023
2016-06-08,13.9761166133341
2016-06-09,15.9505405829907
2016-06-10,16.3341314710581
2016-06-11,15.9443763013952
2016-06-12,15.6853073277692
2016-06-13,16.7531560719704
2016-06-14,19.1496247987544
2016-06-15,19.2414269430655
2016-06-16,20.6657585703878
2016-06-17,23.3150559357328
2016-06-18,22.9911255860606
2016-06-19,22.7977360717561
2016-06-20,24.3219138119063
2016-06-21,24.8458523381345
2016-06-22,25.1903630288872
2016-06-23,24.0844459492911
2016-06-24,23.5445707475562
2016-06-25,24.2165361608262
2016-06-26,25.1126094686857
2016-06-27,25.4551713882103
2016-06-28,23.5199032224262
2016-06-29,22.4767497249455
2016-06-30,23.0266196164533
2016-07-01,23.4071987004076
2016-07-02,24.2890614302812
2016-07-03,23.8586814639737
2016-07-04,21.5689412671006
2016-07-05,19.7601411449881
2016-07-06,20.6238698688146
2016-07-07,18.3552444626277
2016-07-08,18.6873836039829
2016-07-09,19.011886216223
2016-07-10,19.465621745107
2016-07-11,22.1577441027268
2016-07-12,24.8602936919557
2016-07-13,25.6702718986403
2016-07-14,26.3773683087484
2016-07-15,25.176542942292
2016-07-16,25.7705364764214
2016-07-17,27.3796883646201
2016-07-18,24.6185218313214
2016-07-19,20.0350732889878
2016-07-20,19.5925082439849
2016-07-21,19.2047121956855
2016-07-22,19.4775628059578
2016-07-23,20.6996097714673
2016-07-24,21.857719832658
2016-07-25,23.3829312690785
2016-07-26,24.442668515646
2016-07-27,25.1883762002563
2016-07-28,25.7718094182019
2016-07-29,25.5750861559716
2016-07-30,25.3953465577854
2016-07-31,25.7518737037259
2016-08-01,26.4124481664345
2016-08-02,24.6591630824723
2016-08-03,23.4975819123149
2016-08-04,23.4798113304479
2016-08-05,24.9150361835699
2016-08-06,26.0456380736427
2016-08-07,24.4160136114502
2016-08-08,22.5599352718721
2016-08-09,23.461828721673
2016-08-10,24.7307702392034
2016-08-11,23.0332466221475
2016-08-12,19.5079306518309
2016-08-13,18.4057397503962
2016-08-14,18.5739088647826
2016-08-15,19.938051973787
2016-08-16,19.6981270279457
2016-08-17,20.6938874183257
2016-08-18,21.0879029847259
2016-08-19,22.0900998476068
2016-08-20,24.1144148753426
2016-08-21,24.8972231421584
2016-08-22,25.4266476530348
2016-08-23,25.00566416838
2016-08-24,21.5299122559964
2016-08-25,20.0536198075161
2016-08-26,19.8484887659523
2016-08-27,22.3434787362845
2016-08-28,24.2576312672193
2016-08-29,24.9039102277813
2016-08-30,23.0618233964849
2016-08-31,18.6269676367062
2016-09-01,18.3499663457107
2016-09-02,19.7451039705506
2016-09-03,20.467160401161
2016-09-04,21.7545037738873
2016-09-05,21.6837885415984
2016-09-06,21.922701953592
2016-09-07,20.5679955733177
2016-09-08,20.7912046485955
2016-09-09,20.0277876686207
2016-09-10,19.693891347868
2016-09-11,21.0013709393531
2016-09-12,22.3337475528102
2016-09-13,21.5503635115099
2016-09-14,17.0211485625049
2016-09-15,15.1303575111207
2016-09-16,17.012461631288
2016-09-17,16.4145885636349
2016-09-18,13.6650943568413
2016-09-19,12.6440361343798
2016-09-20,10.3825744090809
2016-09-21,9.92647723252738
2016-09-22,9.77096255045056
2016-09-23,10.7576840255112
2016-09-24,11.5839052548501
2016-09-25,11.2736269821858
2016-09-26,10.7734438057863
2016-09-27,10.9659122941024
2016-09-28,11.0576214649244
2016-09-29,13.0536814477289
2016-09-30,15.4295258901576
2016-10-01,16.5513983097306
2016-10-02,16.3497486850562
2016-10-03,15.7283657632388
2016-10-04,14.4748570461543
2016-10-05,11.5482130450775
2016-10-06,10.4221990545932
2016-10-07,10.5173871226056
2016-10-08,9.99848256357954
2016-10-09,8.60238041584814
2016-10-10,7.85875118927523
2016-10-11,8.43811586756721
2016-10-12,6.69294814622452
2016-10-13,3.51775929677687
2016-10-14,2.96388687499101
2016-10-15,3.18186726013149
2016-10-16,3.39147969511804
2016-10-17,2.60212883831679
2016-10-18,2.64054037805635
2016-10-19,2.9816301766204
2016-10-20,3.19896977652419
2016-10-21,4.50235065550913
2016-10-22,5.08000318633199
2016-10-23,4.77085766115642
2016-10-24,4.19746194952996
2016-10-25,3.1297979410178
2016-10-26,1.79412756663773
2016-10-27,1.0072364938945
2016-10-28,1.14158083410764
2016-10-29,4.12750818251802
2016-10-30,3.52303294521887
2016-10-31,2.11300779672637
2016-11-01,0.422988985998234
2016-11-02,1.89730915563218
2016-11-03,3.31102159262358
2016-11-04,1.46328392808288
2016-11-05,1.92888214528835
2016-11-06,6.34342552092081
2016-11-07,9.26435023679695
2016-11-08,6.10983029469448
2016-11-09,6.19100771289914
2016-11-10,5.04236867382592
2016-11-11,1.44473150413013
2016-11-12,1.14165365100512
2016-11-13,0.545928331484396
2016-11-14,-0.751250845511103
2016-11-15,-3.02684281881853
2016-11-16,-3.26132580376786
2016-11-17,-2.20572312396813
2016-11-18,0.402109191877931
2016-11-19,0.878588361150208
2016-11-20,0.290781836922071
2016-11-21,-0.918238042832
2016-11-22,-2.37892973912664
2016-11-23,-3.31234480270212
2016-11-24,-2.35782806136179
2016-11-25,-1.03374368435731
2016-11-26,-0.788976699935064
2016-11-27,1.51164769910274
2016-11-28,-0.31034786402033
2016-11-29,-3.41646667498619
2016-11-30,-4.97628821393649
2016-12-01,-2.98589140803331
2016-12-02,-1.75247887401973
2016-12-03,-2.98603327081059
2016-12-04,-5.30578265874645
2016-12-05,-6.7293173865033
2016-12-06,-3.57546625450789
2016-12-07,-10.4128870939345
2016-12-08,-4.02694516044571
2016-12-09,1.29248507842701
2016-12-10,2.0560005613922
2016-12-11,0.518506579898337
2016-12-12,-1.89637925881094
2016-12-13,-8.15714757797087
2016-12-14,-5.73455224298251
2016-12-15,-5.82631862024377
2016-12-16,-10.7090716443604
2016-12-17,-7.89174851471842
2016-12-18,-5.45477726982806
2016-12-19,-3.31782715368652
2016-12-20,-4.76348905488419
2016-12-21,-7.51646640657326
2016-12-22,-4.64763329452407
2016-12-23,-4.71180506195477
2016-12-24,-3.83789962557575
2016-12-25,-2.71016540848963
2016-12-26,-2.15155344615796
2016-12-27,-0.400717602309767
2016-12-28,-1.62138761092685
2016-12-29,-4.20998696568563
2016-12-30,-6.66369507600336
2016-12-31,-5.79558903264464
2017-01-01,-4.59530245361441
2017-01-02,-4.08939288882379
2017-01-03,-3.74950653740328
2017-01-04,-3.66760275974702
2017-01-05,-3.85454172277667
2017-01-06,-10.3821664592312
2017-01-07,-12.5935519275874
2017-01-08,-11.938401826506
2017-01-09,-9.92409951244446
2017-01-10,-9.57255273204564
2017-01-11,-6.86106819571714
2017-01-12,-5.65007102881347
2017-01-13,-5.67961642660688
2017-01-14,-1.62585992101274
2017-01-15,-3.61623934512164
2017-01-16,-7.16971685414277
2017-01-17,-8.4844244624124
2017-01-18,-10.1204139363624
2017-01-19,-11.6293316938736
2017-01-20,-8.9911127125055
2017-01-21,-3.4269468938976
2017-01-22,-6.42419198297309
2017-01-23,-5.57267232157414
2017-01-24,-5.78820625820339
2017-01-25,-6.77297948753799
2017-01-26,-14.7803839901638
2017-01-27,-10.9890373973313
2017-01-28,-6.82223856467698
2017-01-29,-10.7468190250419
2017-01-30,-14.6421533515557
2017-01-31,-13.8946108418007
2017-02-01,-9.50189287903233
2017-02-02,-5.970571260945
2017-02-03,-3.27711958152793
2017-02-04,-2.51695515694733
2017-02-05,-4.20791217695742
2017-02-06,-6.37534311554797
2017-02-07,-10.60451638901
2017-02-08,-14.3804649306097
2017-02-09,-15.1154491851668
2017-02-10,-12.6014667937982
2017-02-11,-8.69462294848942
2017-02-12,-8.40748563507553
2017-02-13,-8.78253770069928
2017-02-14,-6.5835299462451
2017-02-15,-3.7348895127236
2017-02-16,-7.00255989122628
2017-02-17,-4.33223771016189
2017-02-18,-1.24183630564677
2017-02-19,-1.58843136097365
2017-02-20,-2.10890351921407
2017-02-21,-0.101844322224968
2017-02-22,0.9449872490547
2017-02-23,1.7275506042914
2017-02-24,2.99710614927395
2017-02-25,-0.6188894812869
2017-02-26,-0.657690315055179
2017-02-27,1.83002447900391
2017-02-28,3.13570300077258
2017-03-01,4.22439894034653
2017-03-02,3.2167708739538
2017-03-03,2.492198228874
2017-03-04,3.72751748630988
2017-03-05,5.18969903936068
2017-03-06,4.97478860643904
2017-03-07,4.95614121850481
2017-03-08,4.99993295577602
2017-03-09,4.88026622479572
2017-03-10,4.79122074067596
2017-03-11,3.78104396608308
2017-03-12,2.55836995139075
2017-03-13,3.33012495510388
2017-03-14,3.10085918999888
2017-03-15,4.0456479142079
2017-03-16,3.00351238523382
2017-03-17,3.20236989272615
2017-03-18,3.02553561072514
2017-03-19,2.81530844516405
2017-03-20,3.25010379822081
2017-03-21,5.41469741496699
2017-03-22,8.1135585804507
2017-03-23,7.68736071576176
2017-03-24,7.25839048711059
2017-03-25,3.99505258038144
2017-03-26,2.26911501044799
2017-03-27,3.67195573884564
2017-03-28,7.40464669712431
2017-03-29,8.737163529502
2017-03-30,5.4442664399207
2017-03-31,4.86799510594435
2017-04-01,8.30102293633949
2017-04-02,10.6337676570835
2017-04-03,11.7173065253811
2017-04-04,11.3620572695582
2017-04-05,10.2905845497265
2017-04-06,8.704593292458
2017-04-07,8.08131677852314
2017-04-08,6.75485286596832
2017-04-09,6.56399431239388
2017-04-10,8.96051845032594
2017-04-11,9.07371303557037
2017-04-12,6.85817963929827
2017-04-13,8.63052650594519
2017-04-14,7.89568619995739
2017-04-15,7.63304533463474
2017-04-16,8.52403609612527
2017-04-17,5.77968919641321
2017-04-18,4.39554613850364
2017-04-19,3.31550219042755
2017-04-20,2.02584484959814
2017-04-21,3.4798156152307
2017-04-22,6.61958327522641
2017-04-23,5.63769319511489
2017-04-24,4.97378527552619
2017-04-25,7.93800544580299
2017-04-26,10.6551583137722
2017-04-27,12.4908577980666
2017-04-28,14.1155770616675
2017-04-29,13.6329311392666
2017-04-30,12.5683666570069
2017-05-01,12.9343176275982
2017-05-02,14.364403317913
2017-05-03,14.7516027999064
2017-05-04,15.5014296305687
2017-05-05,13.7694529514339
2017-05-06,15.6477298768025
2017-05-07,16.9183098136741
2017-05-08,13.7352030023248
2017-05-09,10.3737561192785
2017-05-10,7.00064107274323
2017-05-11,9.15514292648304
2017-05-12,12.2403732423166
2017-05-13,13.1734325967219
2017-05-14,12.6579855125024
2017-05-15,13.9603062579132
2017-05-16,14.5158430631604
2017-05-17,11.6857966109129
2017-05-18,11.7238230412137
2017-05-19,13.3186295812518
2017-05-20,13.421679720451
2017-05-21,15.1382831394891
2017-05-22,14.2446918566468
2017-05-23,15.7655839107782
2017-05-24,16.394382595351
2017-05-25,15.3213019351373
2017-05-26,15.525149257594
2017-05-27,15.5817445402928
2017-05-28,17.2843163821377
2017-05-29,18.939896888515
2017-05-30,20.0340971443788
2017-05-31,20.9994936209976
2017-06-01,18.3661441752886
2017-06-02,15.9480852978856
2017-06-03,14.1615429907769
2017-06-04,16.5137254585476
2017-06-05,19.0198872657383
2017-06-06,20.3028090223949
2017-06-07,21.6121506376378
2017-06-08,19.9787390985243
2017-06-09,19.2296683506452
2017-06-10,18.8627394867705
2017-06-11,18.5392244129152
2017-06-12,19.5593327125752
2017-06-13,19.2195439448251
2017-06-14,16.9973339462157
2017-06-15,15.8824644252076
2017-06-16,17.9591133770394
2017-06-17,18.0029048539092
2017-06-18,18.977558949944
2017-06-19,21.283080443395
2017-06-20,23.1512132195469
2017-06-21,21.0944050626145
2017-06-22,19.1497226769226
2017-06-23,20.3134344547013
2017-06-24,19.742643709614
2017-06-25,22.1379782519521
2017-06-26,23.3345594391716
2017-06-27,23.1391556433192
2017-06-28,24.1920568690373
2017-06-29,25.2264006869339
2017-06-30,25.3687600510198
2017-07-01,24.5996837583622
2017-07-02,22.1878689141115
2017-07-03,20.8253067814579
2017-07-04,18.2424725865281
2017-07-05,18.6514268067081
2017-07-06,18.3562775007491
2017-07-07,17.9160831895112
2017-07-08,18.6185761094211
2017-07-09,18.8557424067103
2017-07-10,21.8880344346161
2017-07-11,24.1157022867048
2017-07-12,23.1639426101647
2017-07-13,21.3458216733831
2017-07-14,18.914027964093
2017-07-15,18.243604699416
2017-07-16,18.9831888362478
2017-07-17,20.3347948199018
2017-07-18,21.5887453101298
2017-07-19,22.6201151970257
2017-07-20,23.5820833102895
2017-07-21,25.6174208681809
2017-07-22,25.2736538627831
2017-07-23,23.5503823970137
2017-07-24,23.2327791522281
2017-07-25,24.8829644101584
2017-07-26,24.1742244669065
2017-07-27,24.6654075983989
2017-07-28,24.3082393320574
2017-07-29,21.3640583291572
2017-07-30,21.6192550661636
2017-07-31,24.0804394057178
2017-08-01,26.6930234702007
2017-08-02,27.8407406681076
2017-08-03,28.2538184537473
2017-08-04,29.3996650954906
2017-08-05,28.9577612738634
2017-08-06,27.7967742405617
2017-08-07,24.2866542082965
2017-08-08,23.1721771479256
2017-08-09,23.9841916535777
2017-08-10,25.2348236752895
2017-08-11,26.2028964397648
2017-08-12,26.5138922472822
2017-08-13,25.6069868951861
2017-08-14,24.3516055899312
2017-08-15,24.091306959404
2017-08-16,25.0719496552265
2017-08-17,25.5038710040897
2017-08-18,25.8658446586274
2017-08-19,26.3372041385924
2017-08-20,25.4503678185174
2017-08-21,22.914911179791
2017-08-22,19.1557720902024
2017-08-23,16.9968395319034
2017-08-24,17.1736543845627
2017-08-25,20.1650083823996
2017-08-26,21.9934513211356
2017-08-27,23.3565876303236
2017-08-28,20.0923819296463
2017-08-29,16.2419411732957
2017-08-30,15.9055486453604
2017-08-31,16.5544365311041
2017-09-01,16.8815650876248
2017-09-02,18.0871801957606
2017-09-03,19.6951512004
2017-09-04,19.2412052836906
2017-09-05,17.673754639325
2017-09-06,15.9187019196928
2017-09-07,16.2765051450559
2017-09-08,16.7914774745861
2017-09-09,18.5731647184058
2017-09-10,19.6592827292945
2017-09-11,21.5239988753247
2017-09-12,21.8438308163899
2017-09-13,19.8538299229526
2017-09-14,19.3214329225128
2017-09-15,18.0637585854143
2017-09-16,18.9535739396561
2017-09-17,21.2877264523878
2017-09-18,19.8698854748095
2017-09-19,17.3251683232746
2017-09-20,18.9916747848701
2017-09-21,20.0196763343226
2017-09-22,19.0366168479658
2017-09-23,15.8204526868662
2017-09-24,15.1117403251686
2017-09-25,15.556631644839
2017-09-26,13.0085533319648
2017-09-27,10.4418681789384
2017-09-28,8.73322520135948
2017-09-29,8.09625479060588
2017-09-30,7.54609268680263
2017-10-01,7.71685829295505
2017-10-02,7.03571156413551
2017-10-03,8.02626259411941
2017-10-04,10.0634080925247
2017-10-05,11.5549467095328
2017-10-06,11.9574127122054
2017-10-07,9.92035206658557
2017-10-08,11.1089676757255
2017-10-09,9.15185897234506
2017-10-10,8.46699830138235
2017-10-11,10.2416680179087
2017-10-12,11.938799255501
2017-10-13,11.3169999082544
2017-10-14,9.46620247988644
2017-10-15,11.358844683686
2017-10-16,10.4619503018089
2017-10-17,12.0675129303
2017-10-18,13.1509551587224
2017-10-19,13.6383501397639
2017-10-20,11.6934251688322
2017-10-21,10.0685469408838
2017-10-22,5.94814230737518
2017-10-23,4.26082760317768
2017-10-24,3.6534065221173
2017-10-25,2.63737422374432
2017-10-26,4.81978669774815
2017-10-27,7.74407114848628
2017-10-28,7.37410245324097
2017-10-29,6.27143003366501
2017-10-30,4.78764713157515
2017-10-31,2.83182322430762
2017-11-01,2.84384015759435
2017-11-02,5.79091559918894
2017-11-03,7.32066970476865
2017-11-04,6.45907395644673
2017-11-05,5.33132168908214
2017-11-06,4.22618346259751
2017-11-07,3.88890506486992
2017-11-08,4.04153483423272
2017-11-09,4.56771053789486
2017-11-10,4.92897638128205
2017-11-11,5.22148459990716
2017-11-12,4.94537053905696
2017-11-13,5.632639773865
2017-11-14,5.42258720926678
2017-11-15,1.72477848334968
2017-11-16,1.20865968829977
2017-11-17,1.8305764147335
2017-11-18,2.30236732811506
2017-11-19,2.52499909635919
2017-11-20,1.94819772259928
2017-11-21,0.192598389902744
2017-11-22,-0.806035857111488
2017-11-23,-0.984937459243831
2017-11-24,-1.40158496012709
2017-11-25,0.160857443437226
2017-11-26,1.11158469903819
2017-11-27,-0.97209050032139
2017-11-28,-1.73155182702204
2017-11-29,-1.16451093360081
2017-11-30,1.28007338102554
2017-12-01,2.66876974602851
2017-12-02,1.73368919295722
2017-12-03,1.2878713977333
2017-12-04,-0.244324782804796
2017-12-05,-1.26547002834562
2017-12-06,-0.238614004214223
2017-12-07,-0.220300277257448
2017-12-08,-0.655276543827312
2017-12-09,0.814807784923121
2017-12-10,1.41243500441205
2017-12-11,0.777002217684173
2017-12-12,3.7139467560306
2017-12-13,2.7810930505786
2017-12-14,2.07987165407852
2017-12-15,2.74256196394823
2017-12-16,4.21129370690889
2017-12-17,1.82921783948015
2017-12-18,0.49893195426414
2017-12-19,-1.99471216007074
2017-12-20,-2.98236845843349
2017-12-21,-3.44005391996087
2017-12-22,-1.78998421922866
2017-12-23,-1.7020964056784
2017-12-24,0.928396083140505
2017-12-25,1.76317066183807
2017-12-26,1.51965396447662
2017-12-27,2.45719655569831
2017-12-28,3.20384786706227
2017-12-29,3.12601148213979
2017-12-30,1.53495216917061
2017-12-31,0.660695842686486
2018-01-01,1.45745168475705
2018-01-02,1.57521366590894
2018-01-03,1.45266351871009
2018-01-04,0.943580291565369
2018-01-05,1.12745126209263
2018-01-06,2.22582515257847
2018-01-07,3.15175472524723
2018-01-08,-0.710257913183887
2018-01-09,-2.74223960638488
2018-01-10,-1.36242532787095
2018-01-11,-1.33956374139287
2018-01-12,-2.51868821278945
2018-01-13,-5.46598211091372
2018-01-14,-8.25626199796726
2018-01-15,-8.94158009504764
2018-01-16,-6.34941286163789
2018-01-17,-2.01204240140693
2018-01-18,-1.56292730284565
2018-01-19,-3.23778725732767
2018-01-20,-2.24545107657582
2018-01-21,-3.74260628168309
2018-01-22,-6.1031828577316
2018-01-23,-8.07247731911424
2018-01-24,-9.68681424136381
2018-01-25,-9.65928128012101
2018-01-26,-9.02638332524262
2018-01-27,-8.15221735089248
2018-01-28,-4.82373097032737
2018-01-29,-0.268044569874254
2018-01-30,1.17203138277143
2018-01-31,-0.745629947921093
2018-02-01,-2.18620926963316
2018-02-02,0.858582304402381
2018-02-03,1.30070562702582
2018-02-04,0.126727721776738
2018-02-05,-5.56920292009427
2018-02-06,-6.32351226407918
2018-02-07,-3.86264259403779
2018-02-08,-1.09148967434864
2018-02-09,-1.38412410854578
2018-02-10,-2.37068872949255
2018-02-11,-2.6245436385182
2018-02-12,-3.90237775140174
2018-02-13,-4.66545242910256
2018-02-14,-4.34816852418043
2018-02-15,-2.74174232265918
2018-02-16,-1.84334505486727
2018-02-17,-1.70577451293379
2018-02-18,-2.32394380873121
2018-02-19,-3.63335514321452
2018-02-20,-4.36324887257196
2018-02-21,-4.22495795080847
2018-02-22,-4.91025035742563
2018-02-23,-6.49111249707346
2018-02-24,-8.56880598942197
2018-02-25,-10.9640527083332
2018-02-26,-11.8680309696429
2018-02-27,-11.2654903844731
2018-02-28,-9.66666125504516
2018-03-01,-10.7201271449411
2018-03-02,-9.17620647231604
2018-03-03,-5.61783934226493
2018-03-04,-9.41034618511141
2018-03-05,-7.61894056583754
2018-03-06,-4.39118523444958
2018-03-07,-0.750104554607294
2018-03-08,0.0218248631066978
2018-03-09,-0.993026585004955
2018-03-10,0.571914478465849
2018-03-11,1.40945873499538
2018-03-12,1.83821652553584
2018-03-13,1.57804377457747
2018-03-14,1.63060344225821
2018-03-15,1.7990008694841
2018-03-16,1.6028586835003
2018-03-17,-0.323788308184175
2018-03-18,-6.79106479315968
2018-03-19,-6.8541253703363
2018-03-20,-5.64385638533692
2018-03-21,-4.05371548781882
2018-03-22,-4.69672382531737
2018-03-23,-3.61895477305157
2018-03-24,-2.04962711590048
2018-03-25,-0.837948809153773
2018-03-26,1.09110080746158
2018-03-27,2.10420916977507
2018-03-28,1.74691581995998
2018-03-29,1.62245353234563
2018-03-30,3.23896011770976
2018-03-31,6.41162315006583
2018-04-01,7.5300578470338
2018-04-02,4.20832109389576
2018-04-03,5.0429404066403
2018-04-04,8.53487393022225
2018-04-05,9.80818256254641
2018-04-06,9.74379010670251
2018-04-07,8.83466744146526
2018-04-08,9.03131010445636
2018-04-09,10.9325004505708
2018-04-10,12.0690063191413
2018-04-11,13.6507592564352
2018-04-12,10.9800209798383
2018-04-13,12.2636029945778
2018-04-14,11.3414743808347
2018-04-15,13.0445627910928
2018-04-16,13.6344954956476
2018-04-17,13.5481192546495
2018-04-18,12.8014021336351
2018-04-19,11.3993025347127
2018-04-20,10.491582426612
2018-04-21,13.557616778856
2018-04-22,12.0581726528506
2018-04-23,10.5818217841381
2018-04-24,12.1144099709081
2018-04-25,15.4271318861092
2018-04-26,15.9373388939287
2018-04-27,12.7015884187044
2018-04-28,13.4461281200888
2018-04-29,16.3706653549045
2018-04-30,17.0574153779335
2018-05-01,17.5299867703714
2018-05-02,18.8949342331804
2018-05-03,19.1184507522906
2018-05-04,20.1630337590427
2018-05-05,20.3244423727299
2018-05-06,18.168625627367
2018-05-07,16.9682903970955
2018-05-08,17.8941360732617
2018-05-09,17.6605013673561
2018-05-10,17.1886389810287
2018-05-11,13.1993057761949
2018-05-12,13.3177481277867
2018-05-13,12.4300809045656
2018-05-14,13.0827287785319
2018-05-15,16.3028273084818
2018-05-16,17.518143901395
2018-05-17,17.6282196922829
2018-05-18,16.7848247735809
2018-05-19,16.8435760677462
2018-05-20,15.8267858357119
2018-05-21,15.1236300474097
2018-05-22,17.5106349416169
2018-05-23,19.5302522437977
2018-05-24,19.5739074513427
2018-05-25,19.3937481530563
2018-05-26,16.8317158885973
2018-05-27,16.5438109243115
2018-05-28,18.1876001871928
2018-05-29,18.3885291056817
2018-05-30,19.7316938687538
2018-05-31,21.485228191252
2018-06-01,16.4478793262606
2018-06-02,17.7225727335665
2018-06-03,18.6899069124238
2018-06-04,20.8076963336802
2018-06-05,20.8899874363149
2018-06-06,16.113382451937
2018-06-07,16.0326999262208
2018-06-08,19.0168575518981
2018-06-09,20.9173950277127
2018-06-10,19.829630422563
2018-06-11,19.8019562346157
2018-06-12,21.1949476076127
2018-06-13,21.0472818913937
2018-06-14,22.4187500041246
2018-06-15,23.0009477986211
2018-06-16,22.3528585815383
2018-06-17,21.2445242410569
2018-06-18,21.6137891235086
2018-06-19,23.5876833307609
2018-06-20,23.9686392955007
2018-06-21,24.1579698587458
2018-06-22,22.3356334281486
2018-06-23,18.5913298313833
2018-06-24,16.5853133409452
2018-06-25,18.5286835242803
2018-06-26,20.336394028801
2018-06-27,22.7232353035336
2018-06-28,24.289558640087
2018-06-29,23.9944158311432
2018-06-30,20.7460265817728
2018-07-01,17.1509163849597
2018-07-02,17.0411867580868
2018-07-03,18.8470027021542
2018-07-04,20.5674789789097
2018-07-05,21.9649085128723
2018-07-06,23.0208239201614
2018-07-07,22.4436963449248
2018-07-08,22.3749198802236
2018-07-09,22.8988451166956
2018-07-10,23.7845366148996
2018-07-11,23.2245784888739
2018-07-12,23.8527301574971
2018-07-13,23.7582270925069
2018-07-14,22.6563767628877
2018-07-15,21.1193463454953
2018-07-16,21.1913620129303
2018-07-17,21.4558172000791
2018-07-18,21.7049273722823
2018-07-19,22.7577991597269
2018-07-20,22.4618457788245
2018-07-21,23.196127159916
2018-07-22,22.8791142223544
2018-07-23,22.9147263143286
2018-07-24,23.3517419553648
2018-07-25,22.9064216334129
2018-07-26,23.2791078231648
2018-07-27,24.5823195469116
2018-07-28,24.4632686502481
2018-07-29,24.3210030346896
2018-07-30,25.141369386289
2018-07-31,24.760849552163
2018-08-01,23.8925131008735
2018-08-02,23.8140040239029
2018-08-03,24.0736721486401
2018-08-04,24.8342476678919
2018-08-05,25.2227638927104
2018-08-06,24.4813427037676
2018-08-07,23.4358128221204
2018-08-08,22.546719944565
2018-08-09,21.831348827557
2018-08-10,21.4679682642871
2018-08-11,21.9155403408943
2018-08-12,22.7705658222481
2018-08-13,24.1660787047517
2018-08-14,25.3424259134521
2018-08-15,25.0262986059321
2018-08-16,24.4114138992826
2018-08-17,24.5158492143966
2018-08-18,23.2430662158284
2018-08-19,22.1700308021489
2018-08-20,22.8455094382207
2018-08-21,23.4645333875861
2018-08-22,21.119425357389
2018-08-23,19.9844289455474
2018-08-24,21.2059937644106
2018-08-25,22.3267858883937
2018-08-26,22.7540447421644
2018-08-27,22.4271075896654
2018-08-28,22.2956584709616
2018-08-29,21.7467155598993
2018-08-30,22.3811035533807
2018-08-31,22.570072443131
2018-09-01,23.3264120768745
2018-09-02,23.2361222193001
2018-09-03,23.4853542756441
2018-09-04,22.7994048495845
2018-09-05,20.877714620081
2018-09-06,19.908019164572
2018-09-07,18.6306866267841
2018-09-08,18.139774487578
2018-09-09,17.4758901599073
2018-09-10,17.8475809262475
2018-09-11,18.5999800656079
2018-09-12,19.8654558701632
2018-09-13,20.3123548460869
2018-09-14,20.6886854501154
2018-09-15,18.8757217390538
2018-09-16,16.7699052004795
2018-09-17,15.2174476869558
2018-09-18,16.7957489715901
2018-09-19,18.8876101158555
2018-09-20,20.2487057897692
2018-09-21,20.6159796786008
2018-09-22,18.1031738777485
2018-09-23,13.446398715548
2018-09-24,13.106398478021
2018-09-25,9.50142986859883
2018-09-26,8.27300626369988
2018-09-27,10.3296625251017
2018-09-28,13.3412671762112
2018-09-29,11.2711194425159
2018-09-30,8.90782520600312
2018-10-01,11.1728621857197
2018-10-02,13.2736818731886
2018-10-03,11.3986257968103
2018-10-04,8.82894908984046
2018-10-05,8.13590423106202
2018-10-06,10.3085313780812
2018-10-07,11.8065062928633
2018-10-08,11.605211894886
2018-10-09,11.1702963535147
2018-10-10,11.3732433046624
2018-10-11,12.5014593144411
2018-10-12,11.3578455783922
2018-10-13,10.815560887106
2018-10-14,11.7193131209844
2018-10-15,12.8682958646239
2018-10-16,14.432786958003
2018-10-17,14.4566555744075
2018-10-18,13.9953859519347
2018-10-19,13.0247254531324
2018-10-20,12.3305743665838
2018-10-21,10.6168392561139
2018-10-22,8.44030818476555
2018-10-23,7.90732092017724
2018-10-24,7.61304177974843
2018-10-25,5.28907499492944
2018-10-26,5.48371126108347
2018-10-27,9.22927902779179
2018-10-28,12.5688217830346
2018-10-29,13.219232624669
2018-10-30,13.1469516614963
2018-10-31,9.89480194477221
2018-11-01,8.51467200899313
2018-11-02,8.0424091239211
2018-11-03,8.43007778542077
2018-11-04,9.41155414518636
2018-11-05,7.81796828223169
2018-11-06,5.8220973782121
2018-11-07,4.69164471981096
2018-11-08,4.3364642009053
2018-11-09,3.88298477097203
2018-11-10,2.89996487339323
2018-11-11,2.29554828349621
2018-11-12,0.452078019138139
2018-11-13,-0.785168251822183
2018-11-14,0.676422020839962
2018-11-15,0.545164687389072
2018-11-16,-1.63785166463329
2018-11-17,-2.16079427083092
2018-11-18,-1.8002130780575
2018-11-19,-1.38958366757047
2018-11-20,-2.13633043224748
2018-11-21,-3.2836027712432
2018-11-22,-4.59828171382696
2018-11-23,-4.49458724657737
2018-11-24,-4.07887435646449
2018-11-25,-0.63593210095287
2018-11-26,0.554927928838741
2018-11-27,-2.92512687040462
2018-11-28,-6.43590594713393
2018-11-29,-8.97163975532609
2018-11-30,-9.6764966489931
2018-12-01,-6.74795193143363
2018-12-02,-7.55348834562947
2018-12-03,-4.41522188028167
2018-12-04,-0.716702558702534
2018-12-05,-0.885653763791702
2018-12-06,-2.59697673897513
2018-12-07,-4.84905384913742
2018-12-08,-3.28092670811492
2018-12-09,-0.254032868433374
2018-12-10,-0.785140631971776
2018-12-11,-1.14483463414807
2018-12-12,-1.74413639939225
2018-12-13,-2.85589544247458
2018-12-14,-4.04508568901922
2018-12-15,-6.24475172041245
2018-12-16,-6.95366336427139
2018-12-17,-7.37635385905072
2018-12-18,-7.52271770742761
2018-12-19,-8.87025979653781
2018-12-20,-6.99287377011569
2018-12-21,-4.16030507256838
2018-12-22,-1.93513783068755
2018-12-23,-0.213203476531804
2018-12-24,-2.52507653007072
2018-12-25,-4.10802640922512
2018-12-26,-4.32046976904365
2018-12-27,-2.59457546518226
2018-12-28,-2.9707629448807
2018-12-29,-3.7464766918077
2018-12-30,-5.93942935581034
2018-12-31,-6.39552915609912
2019-01-01,-5.38579786987847
2019-01-02,-5.38579786987847
2019-01-03,-2.2785208463506
2019-01-04,-4.09905626941553
2019-01-05,-6.2444543862366
2019-01-06,-7.31639554796164
2019-01-07,-7.64540155084794
2019-01-08,-9.69934395286646
2019-01-09,-11.3504075206252
2019-01-10,-10.8643194133974
2019-01-11,-6.81119757473453
2019-01-12,-7.48275572404972
2019-01-13,-8.51886385030966
2019-01-14,-6.10450851095179
2019-01-15,-2.68000983115703
2019-01-16,-3.93257500611324
2019-01-17,-6.33992070928954
2019-01-18,-5.1879964102827
2019-01-19,-1.2589917751285
2019-01-20,-6.41329963075919
2019-01-21,-8.33187188313721
2019-01-22,-7.63212596518729
2019-01-23,-11.1354154094255
2019-01-24,-7.95643832829936
2019-01-25,-7.40415230013744
2019-01-26,-9.98130982366453
2019-01-27,-5.77851564484289
2019-01-28,-6.58810398999535
2019-01-29,-8.01442496578792
2019-01-30,-2.16276281897645
2019-01-31,-0.726363479283007
2019-02-01,-0.638952970608046
2019-02-02,-1.62996318918454
2019-02-03,-0.488970221288761
2019-02-04,0.883133505293086
2019-02-05,0.240172098559035
2019-02-06,-1.27941729327913
2019-02-07,-2.35677671635249
2019-02-08,-3.83389464511955
2019-02-09,-4.86111512147785
2019-02-10,-4.99939238122534
2019-02-11,-3.48759244780585
2019-02-12,-0.561820472529643
2019-02-13,0.612603053264626
2019-02-14,-1.64236236536471
2019-02-15,-2.29022257105397
2019-02-16,-2.63458828830871
2019-02-17,-0.0105904388949037
2019-02-18,0.813934181778778
2019-02-19,-1.43213265734059
2019-02-20,-2.81143688931833
2019-02-21,0.113141221083097
2019-02-22,-0.433900041806231
2019-02-23,-6.03513740017424
2019-02-24,-7.05563620070968
2019-02-25,-5.27970779096885
2019-02-26,-0.935525321013546
2019-02-27,0.18630138733629
2019-02-28,-0.329525959807031
2019-03-01,1.79188815631425
2019-03-02,0.796507132785047
2019-03-03,-3.41036800916781
2019-03-04,-2.2304620472233
2019-03-05,2.67206786111507
2019-03-06,3.7277770637041
2019-03-07,2.02188701824751
2019-03-08,2.19379982977847
2019-03-09,6.05892532534131
2019-03-10,5.69958385788213
2019-03-11,4.43336962146714
2019-03-12,3.56605013939055
2019-03-13,0.895794775602475
2019-03-14,0.794195756797946
2019-03-15,1.51774747343222
2019-03-16,2.1498432219049
2019-03-17,3.62091753327463
2019-03-18,4.47262241224928
2019-03-19,6.32683208341341
2019-03-20,5.6166643466269
2019-03-21,4.82666791163359
2019-03-22,4.08702995990291
2019-03-23,4.99336327162496
2019-03-24,2.61610554871654
2019-03-25,3.66278984157265
2019-03-26,5.001485901834
2019-03-27,4.26076631866437
2019-03-28,1.82155740239924
2019-03-29,1.56151548813237
2019-03-30,3.67627587764424
2019-03-31,6.60588343073575
2019-04-01,9.06982493820034
2019-04-02,7.49751314594451
2019-04-03,3.86643550501982
2019-04-04,3.72098366025225
2019-04-05,4.95916731301083
2019-04-06,6.37531062708295
2019-04-07,7.71834373814465
2019-04-08,9.7522797532446
2019-04-09,11.1258596508644
2019-04-10,12.070150662484
2019-04-11,12.1150062345732
2019-04-12,10.7635789406469
2019-04-13,9.34278733642457
2019-04-14,8.56288958567543
2019-04-15,7.36036884706191
2019-04-16,5.88356797966383
2019-04-17,7.37118341329847
2019-04-18,8.10755063095889
2019-04-19,7.73090383118781
2019-04-20,7.25338572789673
2019-04-21,8.60685306063063
2019-04-22,8.8808657672881
2019-04-23,9.82778180973446
2019-04-24,11.7058548418441
2019-04-25,12.7490791967262
2019-04-26,14.555983338352
2019-04-27,15.3910994150596
2019-04-28,15.4539101068397
2019-04-29,14.2959712252643
2019-04-30,12.0783975881626
2019-05-01,11.3777987759209
2019-05-02,10.8899378015077
2019-05-03,11.5233767488664
2019-05-04,13.2181506462493
2019-05-05,13.3524103480364
2019-05-06,14.6486659782846
2019-05-07,13.8492768555701
2019-05-08,13.4791496924635
2019-05-09,11.8044953005158
2019-05-10,11.6536614308743
2019-05-11,11.914129964501
2019-05-12,13.1600893528044
2019-05-13,15.1453321144372
2019-05-14,16.1960918798513
2019-05-15,16.6921857900862
2019-05-16,17.6047982860056
2019-05-17,18.2763757601715
2019-05-18,19.7471183494599
2019-05-19,19.3555091594652
2019-05-20,18.7727545639915
2019-05-21,18.8889421125194
2019-05-22,17.146620012419
2019-05-23,16.6025164642752
2019-05-24,17.6758826481784
2019-05-25,18.5427623291668
2019-05-26,17.2601160958955
2019-05-27,17.6308116183236
2019-05-28,19.3240483369591
2019-05-29,20.1525330349513
2019-05-30,19.8619811931059
2019-05-31,20.2030598638522
2019-06-01,21.2716212746596
2019-06-02,21.6970406785096
2019-06-03,21.8913228269963
2019-06-04,21.1261107164856
2019-06-05,21.2644375036107
2019-06-06,20.5192707587594
2019-06-07,20.68815282411
2019-06-08,21.1407223011734
2019-06-09,22.1940080560269
2019-06-10,22.4079562897487
2019-06-11,23.540250869234
2019-06-12,23.9984983252128
2019-06-13,24.6830097535271
2019-06-14,24.7246149546215
2019-06-15,24.0624695591092
2019-06-16,25.1887163245938
2019-06-17,25.1156531868134
2019-06-18,23.3276304028975
2019-06-19,23.5264342330732
2019-06-20,24.3160906940142
2019-06-21,24.8147976458046
2019-06-22,25.290466559143
2019-06-23,25.5437523187419
2019-06-24,24.7364018279754
2019-06-25,24.0184651869453
2019-06-26,23.5638037582269
2019-06-27,23.7658488184644
2019-06-28,24.1581733386738
2019-06-29,19.2108741068201
2019-06-30,17.1795237386829
2019-07-01,19.8982376626967
2019-07-02,24.8884112529881
2019-07-03,24.7788014652158
2019-07-04,21.8328317686128
2019-07-05,19.4771979427705
2019-07-06,20.0605912322758
2019-07-07,19.5493989326529
2019-07-08,21.9534657874269
2019-07-09,18.8249034419388
2019-07-10,17.4597184780427
2019-07-11,17.1796446238971
2019-07-12,16.7498287925416
2019-07-13,18.1523458711478
2019-07-14,18.5819733948355
2019-07-15,19.3781472716571
2019-07-16,19.7878143806228
2019-07-17,19.2187392612641
2019-07-18,19.320912368603
2019-07-19,19.3197636114857
2019-07-20,20.7835916618331
2019-07-21,22.6398353315789
2019-07-22,24.1069222946126
2019-07-23,23.4975921010575
2019-07-24,21.6340014965962
2019-07-25,20.9715410134304
2019-07-26,21.3754338223628
2019-07-27,21.5348949491725
2019-07-28,22.7978243039102
2019-07-29,25.4382624774028
2019-07-30,26.3164130888172
2019-07-31,25.2040465722564
2019-08-01,22.0504684870549
2019-08-02,18.9304119925926
2019-08-03,19.0315902351066
2019-08-04,19.2293477876246
2019-08-05,16.9112902681853
2019-08-06,16.9614231088818
2019-08-07,19.0257019610825
2019-08-08,22.0261064524543
2019-08-09,22.5539530789026
2019-08-10,21.7511894544764
2019-08-11,21.1910567070879
2019-08-12,22.0645659477177
2019-08-13,24.2075374711738
2019-08-14,25.1755157097122
2019-08-15,24.0300298633344
2019-08-16,21.3844931568671
2019-08-17,20.5396145792839
2019-08-18,19.3195806945701
2019-08-19,20.5874049603983
2019-08-20,22.7705450494758
2019-08-21,24.6213769168703
2019-08-22,24.9823227057578
2019-08-23,23.4461442962586
2019-08-24,23.1373647182227
2019-08-25,23.3636592586951
2019-08-26,23.1154122122333
2019-08-27,22.7299982938749
2019-08-28,22.7314736629219
2019-08-29,22.3599702602071
2019-08-30,20.4314133866036
2019-08-31,21.2357246386553
2019-09-01,22.6374243265295
2019-09-02,22.9627241055421
2019-09-03,23.8477234453944
2019-09-04,23.0806556313132
2019-09-05,19.2421362025283
2019-09-06,19.0444075606524
2019-09-07,19.6690844314409
2019-09-08,20.5759237065
2019-09-09,20.9558880782705
2019-09-10,20.4318745107615
2019-09-11,19.3108341726367
2019-09-12,19.751913865129
2019-09-13,20.1303481979954
2019-09-14,20.306898320433
2019-09-15,17.5149939759747
2019-09-16,15.5522589731153
2019-09-17,17.5261362805609
2019-09-18,15.2741698579121
2019-09-19,11.8737212157351
2019-09-20,10.9739933814223
2019-09-21,9.84877649685658
2019-09-22,9.5812498890448
2019-09-23,13.2553763452434
2019-09-24,10.3799249594412
2019-09-25,9.86410608000012
2019-09-26,11.5620905386728
2019-09-27,12.6103835564468
2019-09-28,12.4987045564939
2019-09-29,13.9703414208998
2019-09-30,14.0811503196512
2019-10-01,15.801643944283
2019-10-02,14.2791452653418
2019-10-03,15.296807275789
2019-10-04,14.6632109898546
2019-10-05,11.9666639722522
2019-10-06,9.79596910651432
2019-10-07,7.05961124360666
2019-10-08,4.80956181374161
2019-10-09,5.0595051948131
2019-10-10,8.86262918500657
2019-10-11,12.336226357939
2019-10-12,10.5508264240181
2019-10-13,11.594264188551
2019-10-14,13.5781665095033
2019-10-15,13.9289248244524
2019-10-16,14.4148888708251
2019-10-17,13.7207585243273
2019-10-18,13.5743870276844
2019-10-19,13.8476782710245
2019-10-20,13.7286859195464
2019-10-21,12.937340472105
2019-10-22,13.1408989178666
2019-10-23,13.0419824449343
2019-10-24,12.7797010758102
2019-10-25,12.2569457941488
2019-10-26,10.7901624246589
2019-10-27,10.1745243822279
2019-10-28,10.1306075495752
2019-10-29,8.73449603596117
2019-10-30,6.98733340028168
2019-10-31,3.15355970506473
2019-11-01,0.464188074104856
2019-11-02,0.419144308520539
2019-11-03,2.55657798037428
2019-11-04,6.76291129244311
2019-11-05,11.1064736781093
2019-11-06,11.7653588300437
2019-11-07,11.6901989874877
2019-11-08,10.3726881928439
2019-11-09,10.085459322416
2019-11-10,10.8589095093606
2019-11-11,9.93077851845289
2019-11-12,8.23810845687911
2019-11-13,8.2077361053126
2019-11-14,8.28797502698922
2019-11-15,6.21584859499341
2019-11-16,4.83060080518221
2019-11-17,6.00870313534344
2019-11-18,5.31302011876705
2019-11-19,3.87085762811925
2019-11-20,4.75729573340922
2019-11-21,4.04177678167027
2019-11-22,-1.65426184444619
2019-11-23,-4.56604521751334
2019-11-24,-4.27206577450575
2019-11-25,-3.70389830929324
2019-11-26,-2.29793326570655
2019-11-27,-0.526786500325454
2019-11-28,0.191774868139316
2019-11-29,1.57576987278158
2019-11-30,3.63831236944806
2019-12-01,1.36370722168527
2019-12-02,-1.72437041822059
2019-12-03,-1.76145766934609
2019-12-04,-1.57574171687989
2019-12-05,-3.10143213344711
2019-12-06,-1.59208356676861
2019-12-07,-1.39562137707048
2019-12-08,-0.366651438352213
2019-12-09,0.780044466867918
2019-12-10,1.24842857053327
2019-12-11,1.11205056415569
2019-12-12,0.438602614228548
2019-12-13,0.430673889985941
2019-12-14,-0.355855184100461
2019-12-15,1.39898718266267
2019-12-16,2.31806479908687
2019-12-17,3.03405251640488
2019-12-18,3.9258765089715
2019-12-19,4.63441235811405
2019-12-20,3.4314562112561
2019-12-21,1.98452527883334
2019-12-22,4.42728744513896
2019-12-23,6.53388205838714
2019-12-24,6.75015349231373
2019-12-25,4.6282774606953
2019-12-26,2.29092793786929
2019-12-27,2.37125812810527
2019-12-28,1.24062617177977
2019-12-29,0.186296664013808
2019-12-30,-1.90686822582653
2019-12-31,-3.34692302758575
2020-01-01,-0.16284663973379
2020-01-02,-1.01084377189099
2020-01-03,-2.19468289337396
2020-01-04,-2.0376716175178
2020-01-05,-0.813589862028125
2020-01-06,-0.693436207552708
2020-01-07,-2.80082024421773
2020-01-08,-4.09591870588937
2020-01-09,-4.5755422726355
2020-01-10,-2.45575285075847
2020-01-11,-0.619726819835435
2020-01-12,0.686769411224363
2020-01-13,-1.9751095820829
2020-01-14,-0.797733448619753
2020-01-15,-0.327733420015944
2020-01-16,-0.968456805219477
2020-01-17,-1.332572711914
2020-01-18,-1.34501887573795
2020-01-19,-2.55475303286899
2020-01-20,-3.53258657329074
2020-01-21,-2.56737717927042
2020-01-22,-0.277368020169221
2020-01-23,0.363081081488049
2020-01-24,-1.0978934997864
2020-01-25,-1.75358073679519
2020-01-26,-0.596240399345212
2020-01-27,-0.326440663432128
2020-01-28,-0.187924930812431
2020-01-29,0.383895717599153
2020-01-30,0.87960458784314
2020-01-31,0.565816167648903
2020-02-01,0.587387382547049
2020-02-02,1.53647814312798
2020-02-03,3.78195596183657
2020-02-04,1.44972674233137
2020-02-05,0.752867202660154
2020-02-06,-1.12561392168577
2020-02-07,-3.26607081672857
2020-02-08,-6.44836573764172
2020-02-09,-7.88717653104157
2020-02-10,-6.82457660470259
2020-02-11,-3.45268951027197
2020-02-12,0.451044363319998
2020-02-13,0.162471935383341
2020-02-14,-0.353097063395542
2020-02-15,-0.315565387715357
2020-02-16,-0.364451224242026
2020-02-17,-0.588149561108283
2020-02-18,1.27122492309266
2020-02-19,2.26291015869217
2020-02-20,2.11498825220169
2020-02-21,1.22545817744001
2020-02-22,0.734020734091229
2020-02-23,1.09715638779253
2020-02-24,2.82170334997438
2020-02-25,2.37081372819698
2020-02-26,1.64836950016395
2020-02-27,4.47080600224443
2020-02-28,3.99495843761989
2020-02-29,1.76707394259955
2020-03-01,2.72756630338497
2020-03-02,3.93550087288999
2020-03-03,6.62659423500002
2020-03-04,8.3049748288278
2020-03-05,7.71727702442923
2020-03-06,6.80930964704709
2020-03-07,7.38269352075936
2020-03-08,7.5036003552139
2020-03-09,8.68560401284428
2020-03-10,7.89661416658203
2020-03-11,7.15259505109468
2020-03-12,8.42067060726653
2020-03-13,8.17716516735184
2020-03-14,3.97349369224885
2020-03-15,-1.10746602477571
2020-03-16,0.997332747851832
2020-03-17,2.64715784720645
2020-03-18,4.44898056126656
2020-03-19,7.85210225202129
2020-03-20,7.29601305242912
2020-03-21,5.2270319014448
2020-03-22,1.23267548101814
2020-03-23,-1.24546087752252
2020-03-24,-1.32959832071245
2020-03-25,1.01340715779249
2020-03-26,3.67683214455566
2020-03-27,6.60231187953626
2020-03-28,8.56828758389852
2020-03-29,8.8093568676636
2020-03-30,5.81215316218236
2020-03-31,1.02500912604232
2020-04-01,0.754444222767206
2020-04-02,3.37039673667801
2020-04-03,5.49724635019806
2020-04-04,5.9000467462191
2020-04-05,5.12139940987345
2020-04-06,5.87206277240533
2020-04-07,7.72348536183493
2020-04-08,9.30338218902035
2020-04-09,11.2074153469289
2020-04-10,9.51112877229088
2020-04-11,6.28958697577727
2020-04-12,5.99335509367162
2020-04-13,9.69582434991688
2020-04-14,6.20894506302787
2020-04-15,4.48873272872681
2020-04-16,9.49918587921697
2020-04-17,9.09866116689468
2020-04-18,7.27607648673653
2020-04-19,7.58607070609175
2020-04-20,5.47649252652457
2020-04-21,5.4858518263824
2020-04-22,7.37138804348079
2020-04-23,9.45459264675893
2020-04-24,12.2287099234653
2020-04-25,11.9076401854764
2020-04-26,8.74951202969059
2020-04-27,8.42544625559147
2020-04-28,11.2024004214664
2020-04-29,13.5051548845444
2020-04-30,13.5823028319531
2020-05-01,14.4182124975102
2020-05-02,15.6598946424978
2020-05-03,14.913426802022
2020-05-04,14.8800197913992
2020-05-05,13.3905555869464
2020-05-06,11.2626156170353
2020-05-07,10.3116245161291
2020-05-08,10.2168947049131
2020-05-09,11.6073079109666
2020-05-10,14.1697794189411
2020-05-11,17.6192254771755
2020-05-12,12.8292270162146
2020-05-13,9.46900174488871
2020-05-14,12.0196622499004
2020-05-15,11.3057137687338
2020-05-16,11.345846192699
2020-05-17,12.6341724807643
2020-05-18,13.4479129949448
2020-05-19,14.4293820834267
2020-05-20,13.426011495013
2020-05-21,10.5734027020432
2020-05-22,9.33100561080494
2020-05-23,10.0223677889521
2020-05-24,11.2657394879369
2020-05-25,12.5427762330494
2020-05-26,12.0426502721539
2020-05-27,13.2726462542806
2020-05-28,14.7437139802422
2020-05-29,15.4171769706178
2020-05-30,13.7472175863251
2020-05-31,13.9161855125667
2020-06-01,12.8759779789924
2020-06-02,11.8918417013676
2020-06-03,12.4583808544259
2020-06-04,14.2810552552268
2020-06-05,17.1517215085636
2020-06-06,20.1527447737242
2020-06-07,21.2383470396785
2020-06-08,22.0988569415269
2020-06-09,22.9938316122336
2020-06-10,23.8025135245532
2020-06-11,24.1565946864459
2020-06-12,23.7375802694838
2020-06-13,23.3145550552408
2020-06-14,21.0359237254784
2020-06-15,21.6943368541237
2020-06-16,21.6369177425636
2020-06-17,21.7859301877118
2020-06-18,21.8558885408685
2020-06-19,21.8256803445363
2020-06-20,22.1733252663248
2020-06-21,22.7027481790528
2020-06-22,21.7085780868942
2020-06-23,22.1313817320983
2020-06-24,21.2518435288513
2020-06-25,21.1815735298874
2020-06-26,22.0311471299213
2020-06-27,23.4548641055446
2020-06-28,24.3675224919491
2020-06-29,23.5111403735193
2020-06-30,22.4217796427121
2020-07-01,23.0361582934971
2020-07-02,24.5532983306535
2020-07-03,25.647155163432
2020-07-04,25.3928120208966
2020-07-05,25.7349021140779
2020-07-06,26.6952227454391
2020-07-07,24.1298146931711
2020-07-08,19.1168210154485
2020-07-09,19.0317275377455
2020-07-10,21.6801973595549
2020-07-11,23.6313027633236
2020-07-12,21.8545940313725
2020-07-13,19.2030050806718
2020-07-14,17.6057605850136
2020-07-15,18.9520835806969
2020-07-16,20.9010370932735
2020-07-17,20.4193378934142
2020-07-18,21.3144839305968
2020-07-19,21.8429426297702
2020-07-20,22.3771702984833
2020-07-21,22.3478679837082
2020-07-22,20.3781286927009
2020-07-23,19.3303686391301
2020-07-24,20.6296651224705
2020-07-25,22.3052318442786
2020-07-26,23.3211448452533
2020-07-27,23.6094806694682
2020-07-28,23.8318438762748
2020-07-29,25.0104169087429
2020-07-30,24.7942745039408
2020-07-31,21.5134633110962
2020-08-01,18.8788482916706
2020-08-02,18.9436808450828
2020-08-03,20.4296418436092
2020-08-04,22.5860300139932
2020-08-05,23.4156590493665
2020-08-06,25.2177875473024
2020-08-07,25.8961604670126
2020-08-08,24.2334772836123
2020-08-09,23.3437897728646
2020-08-10,23.0032423720848
2020-08-11,22.687343391556
2020-08-12,20.301428276746
2020-08-13,18.5803194335536
2020-08-14,18.1242079166927
2020-08-15,18.3957715642873
2020-08-16,20.2290310158522
2020-08-17,22.6694883243279
2020-08-18,24.0186099630758
2020-08-19,24.5854055126566
2020-08-20,24.5639955972326
2020-08-21,23.8403336057189
2020-08-22,21.2899113995877
2020-08-23,21.5630864008671
2020-08-24,21.7686369422688
2020-08-25,21.395163583417
2020-08-26,20.7152611364504
2020-08-27,20.6043581728705
2020-08-28,18.9548227561907
2020-08-29,21.4757572570505
2020-08-30,24.0092153069447
2020-08-31,24.4322260580404
2020-09-01,23.9194929123056
2020-09-02,23.4238733545588
2020-09-03,22.5131433838704
2020-09-04,20.4416683725692
2020-09-05,19.9430225654234
2020-09-06,20.8072509710945
2020-09-07,21.1461949611982
2020-09-08,17.8467466622623
2020-09-09,18.1680274065178
2020-09-10,19.8536162047391
2020-09-11,18.0575837128309
2020-09-12,17.8875720648701
2020-09-13,19.6896116830109
2020-09-14,19.4185905038119
2020-09-15,19.8102603613047
2020-09-16,19.9105598897115
2020-09-17,19.1905589727999
2020-09-18,13.0556444393874
2020-09-19,13.0056892096738
2020-09-20,14.141625891762
2020-09-21,15.2038683241976
2020-09-22,16.5503013468911
2020-09-23,16.7521714836664
2020-09-24,17.3819850554055
2020-09-25,18.8899966169096
2020-09-26,19.8630964735793
2020-09-27,16.577381864962
2020-09-28,16.0017154159245
2020-09-29,15.7374438283958
2020-09-30,14.2618514295177
2020-10-01,14.7267641521725
2020-10-02,14.7199287344567
2020-10-03,15.7971547384355
2020-10-04,16.5007878608236
2020-10-05,15.9522349991606
2020-10-06,15.4355632694542
2020-10-07,15.8994597026827
2020-10-08,15.0744204138428
2020-10-09,14.7270032826223
2020-10-10,14.341101462969
2020-10-11,14.2778198016059
2020-10-12,15.378302076953
2020-10-13,15.9692055208092
2020-10-14,13.2456141242733
2020-10-15,12.920794090666
2020-10-16,13.3577746502233
2020-10-17,12.7727182033144
2020-10-18,9.32920927343594
2020-10-19,7.27656988408647
2020-10-20,6.49540627369309
2020-10-21,7.62950828578394
2020-10-22,11.4600693271071
2020-10-23,12.1899213408771
2020-10-24,12.5177609844299
2020-10-25,10.9732482092506
2020-10-26,10.7713960164864
2020-10-27,10.6205501755237
2020-10-28,9.49628409417253
2020-10-29,8.96974628336898
2020-10-30,9.29118358476243
2020-10-31,7.9100305512456
2020-11-01,7.34543491922024
2020-11-02,7.404575805127
2020-11-03,8.01252392626163
2020-11-04,8.01809452299907
2020-11-05,6.65167965646291
2020-11-06,6.09045566822439
2020-11-07,7.16244863440615
2020-11-08,6.87014182331698
2020-11-09,5.90560429488477
2020-11-10,3.84049974481907
2020-11-11,1.8278143220819
2020-11-12,1.46036180902112
2020-11-13,1.54458334700539
2020-11-14,2.22573905581126
2020-11-15,2.64994489781231
2020-11-16,1.06208176100932
2020-11-17,-0.208078058098577
2020-11-18,-0.343557019499499
2020-11-19,-0.479789429123502
2020-11-20,-0.0149808533129907
2020-11-21,-1.28905315497533
2020-11-22,-1.17058180844484
2020-11-23,1.33373905487024
2020-11-24,1.77090021089286
2020-11-25,0.831693316426681
2020-11-26,0.331556776544141
2020-11-27,0.769754780710507
2020-11-28,1.37155834359168
2020-11-29,0.681183232073159
2020-11-30,-0.0686390366400253
2020-12-01,-1.78964920595507
2020-12-02,-2.59640383336186
2020-12-03,-1.84066026535255
2020-12-04,-0.713747914184238
2020-12-05,-1.73034936911562
2020-12-06,-5.17064695380346
2020-12-07,-6.83549660195058
2020-12-08,-6.28279683969237
2020-12-09,-4.93715538329845
2020-12-10,-2.732511642035
2020-12-11,-2.01408459267835
2020-12-12,-1.99782115067457
2020-12-13,-0.343730407792586
2020-12-14,-0.520527451344864
2020-12-15,-1.52834161712047
2020-12-16,-2.55633243646733
2020-12-17,-1.73322691340878
2020-12-18,-1.07315038974319
2020-12-19,-1.28957050078693
2020-12-20,-2.24652799370651
2020-12-21,-4.20589182570966
2020-12-22,-5.13413637392573
2020-12-23,-3.53262938419515
2020-12-24,-1.59968158996118
2020-12-25,-0.803575829070179
2020-12-26,-1.7857784667211
2020-12-27,-4.30559744782521
2020-12-28,-2.41886252840613
2020-12-29,0.772181523881572
2020-12-30,1.72846945626419
2020-12-31,1.4492902221479
